bundle_id,true_indice,true_option_idx,true_option_char,input_indices,candidate_indices,input_str,target_str,prediction,raw_response,hit,overall_hit_rate,overall_valid_ratio,valid_only_hit_rate,cfg_num_cans,cfg_num_token,cfg_toy_eval,cfg_seed,cfg_shuffle_seed,cfg_use_hard_negative
9388,27985,9,J,"[27786, 4787]","[9877, 21880, 26773, 14120, 1368, 2179, 9204, 30353, 2839, 27985]",1. 限?7.5折 所有外套都配 百褶抽?半高?打底???衣裙; 2. 小?短靴女2018新款??百搭方?粗?冬季加?及裸靴短筒高?靴子,A. 于momo2018春?新款港味?叉???衣裙外穿?款毛衣裙?膝打底裙; B. 小包包女2018新款潮?版夏天夏季百搭迷?小香?菱格??斜?小包; C. ?珠羽毛?案???接木耳????袖?衫; D. ??家女?冬季2018新款?版高腰?瘦?点百褶A字半身裙中?款@; E. ???包?半拖鞋女夏外穿2018新款?皮平底无后??人穆勒凉拖鞋; F. 2018新款夏季?裙子???chic?衣裙imiss超仙女V???色娃娃衫; G. ?衣大?早秋牛仔?女2018新款文??布刺????古水洗做???; H. 春秋女?外套chic港?pu机?外套女?瘦皮?克高腰粉色皮衣女短款; I. 2018春季新款??a字裙高腰?生牛仔裙白色半身裙矮小?子短裙女; J. ins???雷帽女春秋?版日系百搭?家帽黑色英?八角帽女帽子夏,H,H,0,0.355704698,0.986577181,0.360544218,10,5,250,45,41,False
21401,6491,7,H,"[3596, 27114]","[20567, 16368, 23133, 20295, 16367, 6154, 8911, 6491, 15299, 24174]",1. 正品冠琴手表男士超薄?皮?男表 非机械表??防水石英表潮流; 2. 沙?帽女巴拿?草帽遮?帽夏小?新海?海?帽太?帽度假防?帽子,A. ??2018夏新款小?新女士?木拖鞋外穿平底休?一字拖潮H60W8207; B. ?都衣舍2018女??版夏?新款?瘦牛仔裙短裙A字半身裙IG6888僥; C. 初?春秋新款???松百搭?感???袖T恤女大?打底衫上衣; D. 【限?特?】CASSILE牛皮??百搭信封??包???肩斜?包; E. ?版休?短?女式2019夏?新款百搭修身?生卷???直筒?子原宿; F. 子晴?色中?款?面尼羊毛大衣女冬?2018新款?面穿毛?外套; G. 希野2019夏季新款露背吊?荷??百褶chic超仙少女裙收腰?衣裙; H. 【11.11零点6折??】衣品?大?中?款???接棉麻印花?衣裙; I. 金米?Kimio??潮流防水女士手表?生???院?大?腕表石英表; J. ?格原??白????衫女2018新款?袖春??松?范??系?上衣,A,A,0,0.355704698,0.986577181,0.360544218,10,5,250,45,41,False
11208,12800,3,D,"[18531, 24847]","[16366, 879, 15382, 12800, 17810, 8933, 9552, 21513, 5579, 29465]",1. 秋水伊人2018春秋?新款女?方?雪?碎花系?印花小香??衣裙子; 2. ??露娜???珍珠耳? 女式???款耳?新款ins耳??版耳?品,A. PPM2019春?新款牛仔外套女?松短款oversize?生bf?版百搭廓形; B. OTS2018冬季新款港味CHIC外套皮毛一??色机?服??短款外套女; C. MG小象小?新牛仔外套女?松春季2019新款休?短款?克chic上衣潮; D. Steve Madden/思美登2018凉拖女鞋平底一字毛?拖鞋外穿女SOFTEY; E. 一脚?毛毛鞋女冬加?外穿2018新款百搭?版?古仙女的鞋粗??鞋; F. 13良品2018新款高腰百搭中?款??半身裙秋冬女包臀裙小?子裙子; G. 夏季潮鞋白色板鞋男?版潮流????休?鞋平底百搭小白鞋男鞋子; H. 花栗鼠小姐 波西米??衣裙女夏2019新款中裙?褶?柔?吊?裙; I. 2019夏?新款女修身?瘦短款??色露背?衣裙包臀chic裙子 L1874; J. AbbottVintage「?奇?」牛皮托特包大容量手提包?肩女包新品,J,J,0,0.355704698,0.986577181,0.360544218,10,5,250,45,41,False
14200,16886,7,H,"[29124, 29032]","[5151, 31039, 24001, 26486, 29493, 30973, 14852, 16886, 14267, 26372]",1. 【南?】?古流浪包包女2019新款??百搭??女包?肩斜???包; 2. 特价??不退?/高???衫?衣裙直筒?搭打底?瘦毛衣裙子女,A. ???品牌低?休?街?潮流透?舒适?牛皮??板鞋球鞋男女鞋; B. 防?衣女仙女夏季中?款超薄?松?版?生空?衫外套?????衫; C. ?仙的?衣裙女春夏白色一字肩度假裙名媛派???裙子短款小?服; D. Koradior/珂???品牌女?2018冬?新款印花休?高腰修身?衣裙; E. 新款?性耳???趣味金色星球??火箭????不??潮人耳?女; F. 特 MintCheese?立?? ?古少女感 ?柔粉色???刺?上衣; G. 珍珍新款?版?生?瘦高腰不??割破牛仔?女2018秋季九分?子潮; H. ??瘦瘦靴粗?短靴女2018秋冬新款百搭后拉?靴子英?中??丁靴; I. 金狐狸迷?小包包2019百搭新款???肩包斜?包女包?版小方包潮; J. 接吻猫2018新款休??空厚底小白鞋深口?鞋女DA98184-P4,H,H,1,0.355704698,0.986577181,0.360544218,10,5,250,45,41,False
23312,27238,2,C,"[29124, 1932]","[9229, 3670, 27238, 30656, 17868, 2304, 15888, 13704, 238, 23020]",1. 【南?】?古流浪包包女2019新款??百搭??女包?肩斜???包; 2. 妙?2018秋冬款?古平?chic短靴女平底棉鞋?生后系??力?丁靴,A. ??做?星星小?鞋女?皮板鞋2018秋冬新款羊羔毛?古休?小白鞋; B. 美?舍?洲站2018春夏新款刺?亮片哈?破洞?松?瘦牛仔短?女F; C. 稀有?率???都?重工廓形?衣女?款?膝不????感?穿外套; D. ara德???舒适一脚?牛皮女鞋低?套脚?福鞋皮鞋女  F1/2?; E. ??冬新款??女士休?靴百搭????套筒短靴H84W7401; F. ?洲站女鞋2018夏季新款?皮尖?凉拖鞋????外穿高?半拖鞋潮; G. za草?包 ins泫雅夏天斜跨??女包??同款水桶包迷?小草包沙?; H. 【??包?】特价??不退?/毛毛?加?厚外套女休??松大?衣; I. 霓霓家 秋冬新款??????腿?女 松?腰?松休????子女; J. 高腰?形?女??2018秋冬新款?版?松加厚松?腰收脚烟管?,C,C,1,0.355704698,0.986577181,0.360544218,10,5,250,45,41,False
25705,17003,6,G,"[15228, 28196]","[11883, 10160, 3579, 9610, 24965, 1288, 17003, 19669, 30629, 24976]",1. 小瑞?包?色菱格包包女2019新款??百搭斜?包?肩包小包包女包; 2. 【5折折?】修身?瘦牛仔?女直筒??灰色高腰薄?小脚九分?,A. 美?Fuzzykon三???松LOGO刺?休????袖外套女秋 百搭上衣; B. 刺?喇叭袖松?腰?款?膝印花?衣裙; C. 英??粗??鞋女秋季2018新款?古小皮鞋?版百搭仙女??女鞋; D. 【南?】信封包??包斜跨包包女2018新款?版百搭???肩女包潮; E. ????凉鞋女夏季中??版百搭?生平底??松?底厚底坡?女鞋; F. 原??皮女包??牛皮大容量女士大包包文??肩包托特包2019新款; G. ins女鞋港? 超火???鞋2019秋季休????皮老?鞋女松?鞋; H. MG小象?衣裙女?夏季2018新款?版?生?衫裙少女心粉色仙女裙子; I. ??同款斜?包?肩?sangle水桶包女2019新款?皮女包???肩包; J. 春季情?工?靴?皮?丁靴男鞋加?棉鞋雪地靴?靴高?鞋潮男靴子,A,A,0,0.355704698,0.986577181,0.360544218,10,5,250,45,41,False
5022,23203,5,F,"[24914, 30641]","[21281, 4361, 5065, 22818, 30991, 23203, 11613, 24302, 23260, 24237]",1. 戈美其2018秋冬新款?版瘦瘦靴 ?面粗?小?短靴休?高?靴子女; 2. AI 法式?古?雷帽 羊毛含量高?90% 秋冬女?家帽毛?南瓜帽子,A. 冷系女??瘦??重工七分袖?瘦百搭小黑裙???衣裙春新款2019; B. 小羽家皮衣女秋季2019新款外套?袖?版?瘦春秋修身皮?克机?服; C. 小短靴女春季2019新款磨砂秋款女矮靴chic?丁靴女粗???靴子女; D. 春季?口?鞋女平底2019新款蝴蝶???仙女小?新漆皮低??人鞋; E. ?格?鞋女春秋2018新款英??平底???穿休??福鞋 ??鞋; F. JACD 小???斜?包2019新款泰?刺??琴包???肩包?面女包; G. 素木高??色???衣裙女冬2018新款百搭套??松打底裙E3110; H. 2019新款女鞋尖???蝴蝶?凉鞋女???鞋女中?高?鞋子女夏; I. 施?洛世奇跳?的心?? 新款?色?水晶女士?骨? 5279425; J. 平底鞋女低??鞋粗?2018?版新款春秋女鞋方?穆勒鞋百搭?福鞋,G,G,0,0.355704698,0.986577181,0.360544218,10,5,250,45,41,False
19001,29328,7,H,"[5502, 20676]","[26806, 30294, 29852, 6702, 6750, 1287, 9264, 29328, 16572, 18613]",1. ?版2018夏季???性潮女士手提包?美蝴蝶?粉色亮皮漆皮女包包; 2. 百?商?同款女靴粗??靴短靴中靴BAG60DZ7,A. TEENLADY原??洲站?撞色羊毛小方包女2018新款菱格??包女斜?; B. 包包女包新款2019潮?皮女包斜?包女小ck??百搭ins手提?肩包; C. 2017春季新款?版??尖?中空高?凉鞋?面?口珍珠性感OL?鞋潮; D. ??百搭2019新款手包女?皮女包包大容量牛皮小包手提包中年??; E. 【特价】BJHG秋?美街?chic?接大口袋迷彩毛圈落肩?衣潮男外套; F. 白色英?夏天?帽海?防?可折??版遮?帽女夏季度假草帽沙?帽; G. 三彩2017夏?新品 松?腰印花雪?裙荷?袖?衣裙女D722056L20; H. 芭?舞女孩??瘦的耳?女?款适合??耳?????耳???耳?; I. 徐琳mini 背?裙夏季2018新款A字?裙?古?院?吊?格子?衣裙女; J. ?接?毛女包包2018新款?皮?肩包?版????手提包百搭斜?包,J,J,0,0.355704698,0.986577181,0.360544218,10,5,250,45,41,False
23312,17404,2,C,"[29124, 1932]","[9229, 3670, 17404, 30656, 17868, 2304, 15888, 13704, 238, 23020]",1. 【南?】?古流浪包包女2019新款??百搭??女包?肩斜???包; 2. 妙?2018秋冬款?古平?chic短靴女平底棉鞋?生后系??力?丁靴,A. ??做?星星小?鞋女?皮板鞋2018秋冬新款羊羔毛?古休?小白鞋; B. 美?舍?洲站2018春夏新款刺?亮片哈?破洞?松?瘦牛仔短?女F; C. 文文?2019新款秋冬高腰?瘦金???黑色?垂感?腿直筒拖地?子; D. ara德???舒适一脚?牛皮女鞋低?套脚?福鞋皮鞋女  F1/2?; E. ??冬新款??女士休?靴百搭????套筒短靴H84W7401; F. ?洲站女鞋2018夏季新款?皮尖?凉拖鞋????外穿高?半拖鞋潮; G. za草?包 ins泫雅夏天斜跨??女包??同款水桶包迷?小草包沙?; H. 【??包?】特价??不退?/毛毛?加?厚外套女休??松大?衣; I. 霓霓家 秋冬新款??????腿?女 松?腰?松休????子女; J. 高腰?形?女??2018秋冬新款?版?松加厚松?腰收脚烟管?,J,J,0,0.355704698,0.986577181,0.360544218,10,5,250,45,41,False
23040,22455,4,E,"[1215, 10858]","[8276, 7653, 31093, 276, 22455, 18828, 14035, 23788, 454, 21940]",1. 【?3件200元】sukol少女裙子?件套中?款超火?院沙??衣裙潮; 2. 2019新款女包?版ins超火?古豆腐包box小方包百搭空姐?肩斜?包,A. 金美希2018夏季新款?色修身?瘦短款破洞短袖T恤女BNM82032; B. Marie Claire夏季??凉鞋海?粗?度假丁字??水?平底MC仙女鞋; C. VME/舞魅新款黑白?典蝴蝶?牛皮尖??空中??鞋VS5A1336; D. 2019春季新款?美??百搭?皮方?V口粗??鞋女中???鞋白色; E. ??春新款小?新小白鞋女平底原宿鞋系???女休?鞋潮H14W7110; F. S925?????美???心耳???百搭耳??性潮人??耳?女; G. 破洞牛仔?女春秋2019新款?版?瘦?力?身小脚?高腰九分?子潮; H. ??名媛印花修身?裙露肩?瘦中?款?衣裙裙子女?春?2019新款; I. CHARLES＆KEITH夏季凉鞋交叉??流?一字?粗?女鞋CK1-60390311; J. 【QC】???接荷??大?中?款???衣裙k,F,F,0,0.355704698,0.986577181,0.360544218,10,5,250,45,41,False
24350,13741,4,E,"[30528, 27968]","[8622, 22303, 9672, 673, 13741, 5674, 23823, 24176, 9610, 14307]",1. ?美木耳?蝴蝶????松?腰印花?衣裙; 2. 2018新款迷?三格戴妃包 ?皮羊皮菱格?肩手提 mini斜???女包,A. 秘密盒子可? 格?新款????字母印花?棉黑色?搭上衣T恤女; B. 2018夏秋季新款?皮粗?凉拖水?方?高?鞋拖鞋一字拖中?女鞋子; C. 秋冬季2018新款?版豆豆鞋女平底百搭外穿毛毛?鞋??加?棉瓢鞋; D. 2018秋冬新款女鞋尖?低?系?短靴?皮英??平底?丁靴女靴裸靴; E. St&amp;Sat/星期六春秋商?同款??尖?高??鞋女鞋SS73111484; F. 1313 秋冬磨毛包臀半身裙女 黑色不??修身?瘦A字短裙2019新款; G. 秋季女2018新款衣秋??古?柔?初秋女??袖?衣裙法式少女裙秋; H. ?珠桃心小心机??露肩T恤裙???衣裙k; I. 【南?】信封包??包斜跨包包女2018新款?版百搭???肩女包潮; J. Vero Moda夏季新款金色??百褶半身裙|318216531,E,E,1,0.355704698,0.986577181,0.360544218,10,5,250,45,41,False
23620,27114,4,E,"[14571, 16550]","[26813, 15828, 15656, 21306, 27114, 14704, 27472, 24107, 18853, 2715]",1. 九月陌墨 2019夏季新款女?假?件印花雪??衣裙 中?文?a字裙; 2. 天美意夏季新款商?同款???粗?高?凉鞋女6X903BL7,A. ?古?松工??子大衣?色中?款羊毛?外套女?冬季20199新款; B. 森宿2018秋?松上衣文?休?撞色?接袖子?帽套??衣女; C. 特步男鞋??鞋2019夏季新款正品?步鞋男士?面?生透?休?鞋子; D. ?谷女包正品2019新款女迷??肩包斜?包?皮????小包包夏; E. 沙?帽女巴拿?草帽遮?帽夏小?新海?海?帽太?帽度假防?帽子; F. ZEGL原宿?透明耳?女耳???????百搭耳??性冷淡?耳?品; G. ?舌帽潮牌chic帽子女夏天百搭?版?生??白色新款??潮流遮?; H. 百搭高腰小脚??版?生修身加?外穿打底????女?子2018冬季; I. 小白鞋女2018夏季新款?皮??星星透?平底?鞋?生?口百搭女鞋; J. achette雅氏8KK6 2018春夏款????感高?尖?凉鞋 ?鞋女,D,D,0,0.355704698,0.986577181,0.360544218,10,5,250,45,41,False
27603,3116,3,D,"[22455, 1059]","[6290, 316, 23531, 3116, 13986, 3559, 27382, 1900, 30596, 20457]",1. ??春新款小?新小白鞋女平底原宿鞋系???女休?鞋潮H14W7110; 2. XIAOYOUBAG迷?夏天小包包女2019新款上新??斜?小包女包百搭潮,A. 牧衣原???女??麻羊毛混??衣裙冬季?搭文?百褶裙 ?村; B. 男道冬季新款落肩?松毛衣男?版?年情?套???衫潮流???衣; C. 三彩2018春秋?新品一字?蝴蝶?系?露背修身?瘦短款??衫女; D. S925??耳?女?????性耳?女防?敏小?新少女心ins耳??; E. 2019新款春秋???口?鞋女金??平底??鞋?古方??底豆豆鞋; F. 早春板鞋春季ins帆布鞋女鞋?生?版百搭2019新款chic潮布鞋春秋; G. MG小象中?款?衣裙女半高?套?打底毛衣冬季新款?生?古吊?裙; H. 花栗鼠小姐 羽毛?衣裙女2019新款夏流?短袖???古ins超火裙子; I. 2019新款?仙的上衣洋?春款可?娃娃?雪?衫???衫?甲?件套; J. ins超火包包女2019新款潮?版百搭chic??斜?秋冬?感斜跨小包,D,D,1,0.355704698,0.986577181,0.360544218,10,5,250,45,41,False
20372,15971,0,A,"[24847, 29574]","[15971, 13065, 16068, 6501, 24976, 12889, 7238, 20765, 23278, 13323]",1. ??露娜???珍珠耳? 女式???款耳?新款ins耳??版耳?品; 2. AI 法式特?巴拿?帽手工??遮?草帽 春夏?雅爵士男女太?帽,A. TEENLADY原?女包?洲站菱格??包女小方包斜?包小包包百搭?性; B. PINLI品立秋季??潮流增高魔??牛皮革休?鞋男潮鞋D171421018; C. BOCCALOOK定制 秋冬???膝毛衣女套?????松高??衣裙?款; D. SXF?希梵牛仔?男 ?古水洗休??男士百搭修身?子??九分??; E. 春季情?工?靴?皮?丁靴男鞋加?棉鞋雪地靴?靴高?鞋潮男靴子; F. NOTHOMME日系潮牌工?大口袋??短?男款5分????款ifashion; G. 小? 阿?巴斯羊? 百搭腰?中?款保暖???衫女2019新款春秋; H. ins超火的刺??心毛衣女2018秋冬新款??????松高???衫; I. 九月陌墨 2019早秋新款女?雪??接?衣裙 中?款休??瘦A; J. omont蛋?家 春天?古百搭休??色刺?卷???毛?帽女帽子春秋,I,I,0,0.355704698,0.986577181,0.360544218,10,5,250,45,41,False
13452,24673,7,H,"[11831, 24847]","[30162, 1376, 19317, 15422, 16746, 9635, 8917, 24673, 26295, 24882]",1. ?家RMOJUL 2018春?女?新款 ??修身?瘦??裙中?款?衣裙SW; 2. ??露娜???珍珠耳? 女式???款耳?新款ins耳??版耳?品,A. 余??2019夏?新款?雅???空雪??花?衣裙中?款裙子女; B. ?????无袖刺?花?字母荷???衣裙; C. 老北京布鞋女夏?人?空一脚???鞋子女2019潮鞋透??凉鞋女?; D. ?面加??衣女套?金??冬季新款?袖?版?松??上衣加厚外套; E. 【大斌】?皮磨砂短靴女2018春秋冬新款?古英??机?平底?丁靴; F. 包包女包新款2019小ck????斜?包女小方包?琴包?肩包女chic; G. ???女夏2018新款女生???子?哈; H. 戈美其春秋季新款?古??珍鞋一字??尖?高?鞋粗????鞋子; I. 2018秋季新款?院???V?白色毛衣女短款修身??上衣; J. ?不二2018新款修身木耳?短袖T恤女夏??一字??身打底衫上衣,F,F,0,0.355704698,0.986577181,0.360544218,10,5,250,45,41,False
21723,5441,6,G,"[29328, 16534]","[11243, 19333, 9467, 10182, 16531, 23752, 5441, 2822, 1982, 14556]",1. 芭?舞女孩??瘦的耳?女?款适合??耳?????耳???耳?; 2. 四?草?手?女手??版???性女生?物?施?洛世奇?非 ??,A. 小香???高?鞋春季2018新款尖??鞋夏季小?新少女chic女鞋子; B. CASSILE小香?菱格女包牛皮 2019春夏新款??休??肩斜?手拿包; C. ??2019春?新款潮牌束脚休??男日系?松工?小脚哈??九分?; D. chic洋??松性感?肩?雪?半袖女夏2018新款白色??上衣; E. 珍珠耳??款?????色耳?超仙水晶新娘?婚耳?女?性百搭?; F. Ipanema拖鞋女外穿新款??凉拖鞋ins潮拖??人字拖鞋女平底拖鞋; G. 法?小?白色?莉手提限定ck包包女2019新款高?感洋??感斜?包; H. 包包女2019新款?版斜?巴黎走秀box小帽箱?皮小?包?肩手提包; I. 2019春季新款?古英???皮高?凉鞋女粗??鞋中??空?口女鞋; J. 可然出品 山茶/高品? 白色?麻?衫女春??袖上衣 ?松棉麻?衣,B,B,0,0.355704698,0.986577181,0.360544218,10,5,250,45,41,False
680,15370,8,I,"[30641, 12293]","[11343, 26448, 3374, 19908, 18539, 5799, 17795, 27137, 15370, 383]",1. AI 法式?古?雷帽 羊毛含量高?90% 秋冬女?家帽毛?南瓜帽子; 2. STUDIO MCC2018冬季新款高腰?瘦修?腿型烟灰色直筒九分牛仔?女,A. FRANCO SARTO春款?外休??鞋草?底平底羊皮系?深口小白鞋; B. 回?森林/空谷/原?自制??文??古全身刺??袖?衣裙?款?衫; C. A7seven ?古百搭白色牛仔直筒?女2019春季?版chic休?九分?子; D. D秋水伊人2019夏?新款女???荷???接裙修身印花?衣裙; E. ??代S925?字母???典四?草女款吊????骨?子日??; F. DHH日系?版文?小?新白色帆布包女?肩包???生??搭手提袋; G. Daphne/?芙?秋季ins??????鞋原宿?厚底老?鞋女; H. 阿迪?斯男鞋?步鞋透?2018秋季新款三?草?面小椰子休???鞋; I. ?洲站2018新款?皮??鞋女加?做?ins老?鞋?古增高小?鞋冬; J. 粉色??裙蛋?裙2019夏新款女蓬蓬裙女百褶半身裙超仙?裙?裙春,E,E,0,0.355704698,0.986577181,0.360544218,10,5,250,45,41,False
11400,8318,1,B,"[16077, 21122]","[16977, 8318, 28475, 10453, 12233, 13243, 13248, 2836, 10575, 30885]",1. 穆勒鞋女2018秋冬新款???毛毛拖鞋?人外穿包?半拖休?平底鞋; 2. MG小象大毛?棉衣外套女短款可?面包服冬?2018新款?瘦加厚棉服,A. T400字母手?女???嵌施?洛世奇?石小???生日?物招桃花?; B. MG小象黑色打底?女冬?身?瘦小脚?2018新款???版外穿?子潮; C. ?增高??鞋女春季2019新款?版百搭厚底松???智熏老?小白鞋; D. 茉莉和扶?原?《?尾浮世?》淡珊瑚粉波点v???款?衣裙; E. 三彩2018夏?新品 V?星星?花雪??柔裙超仙女收腰?衣裙子女; F. 法????奢品牌?小?名媛?接???衫?衣裙女?白色2019夏; G. MALI/2018秋?新款毛??松九分?休???直筒?西????女; H. 秋款2018新款黑色?珠高腰chic?腿?女?瘦百搭?生直筒?九分?; I. AUMU2018春季新款?力?子鞋女?版潮透???休?女鞋??高?靴; J. 小白鞋女2018春季新款百搭平底休?鞋?生?版白鞋系?白色板鞋女,B,B,1,0.355704698,0.986577181,0.360544218,10,5,250,45,41,False
18241,13625,4,E,"[4245, 2952]","[1082, 3372, 21354, 10540, 13625, 29941, 18316, 27296, 1572, 8478]",1. 2018早春上衣?生?系衣服女怪味?松?版原宿港?t恤?哈bf?袖; 2. 逸?女?2019春季新款校服??叉????松直筒?腿???子0234,A. 秘密盒子 回??典新款高腰??通勤???松?腿???休??女; B. 婚鞋女2019新款新娘鞋?色水?方?高?鞋女??黑色??尖??鞋; C. 三彩2018春?新品 松?高腰修身?瘦?松A字?腿?短?休??女; D. 黑色打底??2017秋冬季新款?版百搭?生防走光高腰薄?身外穿女; E. 勿上??秋季?院??美女士系?休?透?鞋??小白鞋H14W8501; F. ?都衣舍2018?版女?秋?新款?松?瘦中?款毛?外套NG9479茵; G. 2018秋冬尖??力?子靴女?鞋高?靴子??瘦瘦靴?靴女??短靴; H. Teenie Weenie小熊?女短裙半身裙A字裙TTWH74T05B; I. GENANX??潮牌??男秋季黑白???哈束脚?版吊??男潮流?松; J. 衣品?原?大??松休?松?腰磨白破洞牛仔短?女2019夏?新款,E,E,1,0.355704698,0.986577181,0.360544218,10,5,250,45,41,False
2765,8376,5,F,"[13526, 13300]","[18432, 13841, 20500, 531, 6708, 8376, 28212, 6237, 22172, 12110]",1. 女?夏?2018新款?空???衣裙女夏季不???柔仙女裙收腰裙子; 2. 唐?同款Givenchy/?梵希????女?骨?首?品百搭??金,A. 靴子女2018秋冬新款金??guidi短靴?皮平底??同款切西?靴; B. 高筒靴女2019新款?美?????靴子前拉?方?粗?高??丁靴潮; C. 于momo2018?耳???款?巾式阿?巴?羊毛?面?大衣女; D. 百搭瘦瘦靴平底小短靴女2018秋冬季新款粗??丁靴子加?棉鞋女鞋; E. 英?Daisy London手工?菊925?耳?女 10mm?金菊花耳??品?物; F. 七?水立方999??手?女?生?版手?2017新款足??品森系?子; G. ?古v?雪?三件套?服改良?衣裙碎花仙女裙2019新款女?春?; H. ?家RMOJUL 半??荷??波点雪??衣裙 少腰? 介意勿拍SPJ; I. S925?18K??彩金?骨?????生日?物四?草??女吊?ins; J. ??薇2019夏季打底衫短袖??上衣?生海魂衫?松休???T恤女,E,E,0,0.355704698,0.986577181,0.360544218,10,5,250,45,41,False
23453,22140,4,E,"[18072, 13975]","[18006, 15071, 29198, 4056, 22140, 15510, 2094, 29177, 15918, 14175]",1. 【南?】黑色菱格包??包包女2019新款??女包?肩包??手提包; 2. 妙?低?后系?短靴女2018新款秋冬????沙漠靴?瘦百搭?丁靴,A. 2018秋冬季新款?版?松?芯?外套女短款加?加厚?古羊羔毛棉服; B. 2018新款?版格子裙子中?款?衣裙夏季?生春??松百搭小?新; C. ?古原宿港?小?新棒球服女2018新款冬?生毛?外套短款ins春秋; D. CICISHOP2018冬季新款毛?短裙日系文??花高腰A字半身裙子8933; E. 加?打底?女外穿皮?秋冬新款女??版百搭松?腰?身?瘦??潮; F. ?景亦 冬季新款?版?松?帽棉服女中?款可??棉衣加厚面包服; G. 天美意商?同款牛皮英??院牛津鞋皮鞋?鞋女鞋6M520CM6; H. PINK KANEL 女士牛皮百搭?肩小方包 斜???潮2019chic原???; I. 一力米灰2018秋冬季新款英???切?西短筒裸靴子高粗??丁靴女; J. ?凡黎2018春?新款?版潮v?小?新上衣喇叭袖印花?袖雪?衫女,D,D,0,0.355704698,0.986577181,0.360544218,10,5,250,45,41,False
28606,12283,5,F,"[23728, 15228]","[31180, 1872, 10868, 3316, 16943, 12283, 16981, 18503, 8011, 21286]",1. 加?冬季?妹小皮鞋女百搭?版?生?古原宿?院?深口平底牛津鞋; 2. 小瑞?包?色菱格包包女2019新款??百搭斜?包?肩包小包包女包,A. MUZI定制包包女2019新款?版百搭斜?菱格??包???肩小方包潮; B. 中高?包?拖鞋女蝴蝶?半凉鞋2019夏季新款??尖?鞋小?女凉拖; C. 耳?女?????性百搭 ??防?敏珍珠耳?女 大?潮人??耳?; D. MZMX??包臀半身裙女秋冬百搭高腰?瘦?叉?色半裙中?款一步裙; E. WTWS 18SS??休??男 三??小脚?男女同款 三道??古校? 潮; F. 2件8折】前拉?高腰黑色打底?女?力外穿修身九分???109I; G. ??手拿包大容量2019春夏?性信封包??女式潮流手包?古?肩包; H. ?社交女鞋灰裸色羊?尖??口?鞋舒适百搭平底鞋2018夏季新款; I. LIA 白色牛仔短?女夏2019新款口袋?古chic高腰?生?松?腿?子; J. ?77 少女心?毛???叉蝴蝶??松?版棉服中?款面包服冬2018,C,C,0,0.355704698,0.986577181,0.360544218,10,5,250,45,41,False
13961,207,3,D,"[12944, 24847]","[20564, 14705, 5100, 207, 30420, 9599, 20751, 19486, 17933, 10049]",1. ?谷夏季包包2018新款潮?性??牛皮手提?肩斜?女包大?戴妃包; 2. ??露娜???珍珠耳? 女式???款耳?新款ins耳??版耳?品,A. 哈森 2018春季?色羊皮??一字???雅高??鞋女 HM77408; B. 玉米 白色吊?背心女?生???衣夏季无袖??打底修身?搭短款; C. 包包女包2019新款?版百搭水桶包上新小包包斜?女?肩手提老花包; D. 百?夏商?同款羊皮女一字?粗高?皮凉鞋S7X1DBH8; E. 邪?先生加?加厚毛?帽雷?帽子女冬?北?耳保暖防?雪帽??帽; F. 莎莎?春夏新款女高?鞋流行方?尖??中??鞋ZA98119-80; G. 素木原?大? ?肩袖?帽?松棉衣女冬2018新款中?款棉服ER3010; H. 三彩t恤女?袖??季上衣打底衫?松百搭?版2018春秋?新款; I. ?雅??撞色大?????叉???衣裙; J. Vans范斯官方正品 新款????白色男子低?帆布鞋,A,A,0,0.355704698,0.986577181,0.360544218,10,5,250,45,41,False
26440,25278,6,G,"[15071, 22455]","[11047, 28889, 14771, 8278, 10318, 29750, 25278, 15022, 6200, 26687]",1. 2018新款?版格子裙子中?款?衣裙夏季?生春??松百搭小?新; 2. ??春新款小?新小白鞋女平底原宿鞋系???女休?鞋潮H14W7110,A. 豹??皮高?鞋女2018新款?洲站女鞋秋冬厚底增高松?鞋百搭鞋子; B. 2018新款毛毛鞋女冬外穿水貂毛尖?粗?中??鞋??水?搭?女鞋; C. Folli Follie芙?芙?四?草??潮流毛衣???女生?件3N15T030; D. MG小象雪?衫女2018夏季?美荷??洋?小衫小?新蝴蝶?露肩上衣; E. 【CEBOSTIN】下班等? 0801A1217 菱格???肩斜跨牛皮小方包; F. 森??衣女2018秋季新款?版?生?帽ulzzang?袖上衣字母潮流; G. MGS梵高?只耳?女?古珍珠??耳?女?款??高?感小???; H. 水??趾拖鞋女夏 ?皮凉鞋女平底?脚人字拖女士平???凉拖潮; I. 7M2018秋冬季新款?袖娃娃?荷???衫上衣喇叭袖早秋?版?衣女; J. 松?鞋女厚底2019新款女鞋ins小皮鞋女?古漆皮英?鞋女???鞋,E,E,0,0.355704698,0.986577181,0.360544218,10,5,250,45,41,False
18245,26352,8,I,"[14390, 5080]","[23057, 27141, 7648, 17913, 8061, 15048, 6033, 26974, 26352, 13930]",1. 帽子女春夏休?百搭字母刺??舌帽米色白色防?遮?帽?外棒球帽; 2. Tweak特威克春夏女鞋基本款低?帆布鞋 平底??休?板鞋全?包?,A. 法式?古??感小??色夏季海?沙?度假?膝?款???衣裙女; B. 2019新款?克力?粉包包液?透明包包女小方包?肩斜跨??盒子包; C. 原?小?帆布包女?肩文?小?新森系?生??百搭??棉麻布袋; D. 【GP??正品】MLB棒球帽EXO明星同款春夏NY???舌帽LA男女帽子; E. 帽子女春夏?版百搭棒球帽??防?帽潮人遮?帽出游太?帽?舌帽; F. venuco?皮女包2019新款??牛皮小方包女迷??肩小包斜?豆腐包; G. 衣品?原?大??松加厚?皮??帽外套?MM女?中?款冬季Q947; H. 毛衣??款百搭????同款高???毛衣??女水晶吊??件?品; I. 老?接2018秋?新款女???袖?袖短款粉色???衣裙短裙女?; J. 少女心ins耳??款超仙???心耳????色心形螺旋耳?式吊?,A,A,0,0.355704698,0.986577181,0.360544218,10,5,250,45,41,False
2944,13302,1,B,"[8881, 11245]","[7426, 13302, 13501, 22189, 387, 30209, 9866, 1617, 23238, 17771]",1. ?都衣舍2018新款女?春??版直筒??袖刺??袖?衫JQ00326?; 2. ?都衣舍2018新款女?春??版高腰型牛仔裙半身裙MR7571?0,A. VH女包2018新款斜?包??潮流秋季女士?肩包??百搭上新手提包; B. ins小白鞋女春季百搭基?皮面?生鞋子平底?鞋?皮板鞋女鞋休?; C. 2018新款五分袖??T恤女?版?松印花打底上衣?生夏?半袖?恤; D. D：Fuse/迪芙斯冬新款牛皮小方?猫?高?短靴女鞋DF74116025; E. RAIZO 20色舒服的高?鞋不磨脚2019新款尖???女性感百搭女夏; F. ??套?毛衣女2018新款秋冬????松菱格?接超火cec高?外套; G. ????百搭??流?吊? 薛?琪明星同款??chocker?圈?子?; H. GENANX??潮牌?松男士五分袖?墨印花?哈情?短袖t恤2018新款; I. 盛放2019春?新款 刺?棉?牛仔?女?? 自然腰?接牛仔???; J. Jeffrey Campbell18年春夏新品黑色厚底粗?露趾一字???凉鞋女,B,B,1,0.355704698,0.986577181,0.360544218,10,5,250,45,41,False
6488,12038,0,A,"[16462, 16598]","[12038, 25436, 16142, 15841, 12701, 19572, 16305, 23221, 398, 27413]",1. 小?家包包女2019新款??斜?包女包撞色小方包上新小包包?肩包; 2. MG小象黑色打底?女秋冬2018新款外穿?身小脚??生ulzzang?子,A. ?版平底雪地靴女2018新款chic厚底??短靴冬?毛棉鞋短筒毛毛鞋; B. ?量基?款打底衫 2019春夏新款半高??色百搭?松?瘦??衫女; C. 范思?恩??雪??衫女?袖春?上衣2018新款?范V?蝴蝶??衣; D. 耳?????短款?新?菊花?猫眼石??小耳?百搭耳?女耳?品; E. 凡舒的店 ?腿??女夏百搭?松水洗做??痕卷?牛仔短??子潮; F. HAVERICE?? 超?瘦??女神包臀半裙 立?骨?修身??半身裙; G. 百??鞋女婚鞋新商?同款方型??高?仙女?通勤鞋BVA03CQ8; H. 2019冬?松?古酒?色新年V?港?chic?海毛毛衣??袖??上衣; I. 回力男鞋帆布鞋黑色?典款情?高?鞋百搭?版平底?生潮鞋子秋季; J. 拉??7m2018冬?新款?范?松立??克bf原宿短外套女70009111,D,D,0,0.355704698,0.986577181,0.360544218,10,5,250,45,41,False
2115,28092,3,D,"[6178, 27114]","[20631, 24850, 8021, 28092, 13046, 27409, 2220, 19892, 25939, 17400]",1. ??花?秋冬???衣裙?版?生黑色?美中?款?接?袖打底衫女; 2. 沙?帽女巴拿?草帽遮?帽夏小?新海?海?帽太?帽度假防?帽子,A. nini 微微收腰款炒?????碎花?裙?搭?袖雪??衣裙女秋冬; B. 月光石耳? 天然?月光耳?品 迷?猫爪 小耳? 925?????品; C. MG小象格子收腰?衣裙女秋新款中?款?院??袖小?新?接裙子潮; D. honeyGIRL春季?皮女鞋方?小皮鞋?脚?人鞋子平底?鞋女?福鞋; E. 勿上??2018年女士休??鞋??小皮鞋女?院?平底鞋H20W8501; F. 秋冬?版百搭?雷帽日系?美可?白色?家帽英??古羊毛帽子女春; G. 周大力二棉鞋女?生?版百搭2018新款加?板鞋秋冬女鞋冬季小白鞋; H. COTRE ?立?? 格子橘 ?古大裙?羊毛?料?衣裙?袖?瘦冬2017; I. Armani阿?尼?天星皮???手表 ??女士?品?盒套?AR80011; J. FURNA花? ?古工?????瘦?保皮衣外套?克 口袋??外套 女,B,B,0,0.355704698,0.986577181,0.360544218,10,5,250,45,41,False
17034,22455,5,F,"[14390, 9860]","[16914, 14260, 15160, 6484, 30971, 22455, 12543, 7698, 3530, 23959]",1. 帽子女春夏休?百搭字母刺??舌帽米色白色防?遮?帽?外棒球帽; 2. ??下2019春?新款女?版?松?瘦chic?袖?帽?衣裙RW7351?,A. 凉拖女夏外穿2019?版新款平底??休?拖鞋防滑?皮平?百搭鞋拖; B. GENANX??潮牌休??假?件??潮流印花?子男?版小脚?潮男; C. OOK ??方形月光石?款流?吊?女耳?耳?耳??品  Melanie; D. 1118周日??下午3点-6点 低于成本 牛仔?49元; E. 店主自留！重磅推?超??便?戴都好看的手工平?遮?日本草帽; F. ??春新款小?新小白鞋女平底原宿鞋系???女休?鞋潮H14W7110; G. MG小象t恤女短袖?范全棉衣服2018夏?新款一字?露肩小心机上衣; H. ???2019夏季新款??亮片刺??松直筒?牛仔?女破洞乞??潮; I. （下）2019夏?新款?松pphome裙子原宿?下衣失踪棉短袖?衣裙; J. ?哈高???鞋女2019新款春?版ulzzang原宿bf?厚底??老?鞋,C,C,0,0.355704698,0.986577181,0.360544218,10,5,250,45,41,False
16423,30580,8,I,"[30641, 11889]","[12056, 11665, 21365, 18948, 7651, 19722, 20513, 18355, 30580, 6315]",1. AI 法式?古?雷帽 羊毛含量高?90% 秋冬女?家帽毛?南瓜帽子; 2. 傲???短靴女粗?2018秋冬新款百搭高?女鞋子加??丁靴女短筒,A. 高?鞋女19春季新款??性感一字?亮片尖?后空?鞋水晶??女鞋; B. 2019新款?版心形女包?肩包?肩?包包小方包?肩斜跨包chic潮; C. STELLA LUNA春夏新款羊反毛??露趾一字?派?超高?chic女凉鞋; D. ?都衣舍2018?版女?秋?新款?生?松BF上衣潮?衣JW11064?; E. 艾斯臣小皮鞋女2019春款?鞋英??女鞋子2019春季新款百搭?版; F. 2019春季白色水??皮?鞋?口???空高?鞋尖?高?女鞋四季鞋; G. 【特价】BJHG?美?色?松?布做?磨毛水洗?衫潮男美式休??衣; H. RCLAB瓦舍 植?牛皮?款?肩包 手工?皮手提女包 ??文?托特包; I. Micocah 包包 女包 新款2019 ??古斜?小方包 法?小?百搭夏季; J. 露肩荷??吊??衣裙蛋?裙?裙女巴厘?海?沙?度假仙女裙子夏,B,B,0,0.355704698,0.986577181,0.360544218,10,5,250,45,41,False
7158,17273,7,H,"[15228, 26936]","[9255, 22359, 22460, 19589, 11284, 26284, 18447, 17273, 3812, 1479]",1. 小瑞?包?色菱格包包女2019新款??百搭斜?包?肩包小包包女包; 2. 一力米灰2018秋冬季新款??方?短筒?瘦?力中?粗??丁短靴女,A. ?皮豆腐包box包2018新款?古小方包迷??肩斜?空姐包??女包; B. 妖精的口袋ins心机裙子夏?2019新款?松????短袖?衣裙女; C. STACCATO/思加?夏季休?一字??式平底女凉鞋9JH07BL7; D. vana??耳?女?施?洛世奇???????18K白金雪花耳?耳?; E. 四喜白 chic??子高腰??色破洞毛?牛仔短?夏?怪味少女?子; F. KIZZME2019新款女包??牛皮??手拿包?肩多用斜?多隔?信封包; G. JOYOUS大喜?秋?2019新款高腰系?九分?子百搭?松???腿?女; H. 明星私衣同款??毛衣女2018新款?版?松?妹貂????衫外套; I. 九月陌墨 2019夏季新款女?娃娃??接高腰?衣裙 休??瘦a字; J. 碎花一字肩???女夏?柔?高腰雪?一字?九分??衣?腿?套?,A,A,0,0.355704698,0.986577181,0.360544218,10,5,250,45,41,False
8966,21097,9,J,"[30967, 24847]","[16093, 20655, 3350, 27641, 11026, 16632, 14098, 9677, 14928, 21097]",1. Danielwellington 丹尼?惠??dw手表女32mm金???女表; 2. ??露娜???珍珠耳? 女式???款耳?新款ins耳??版耳?品,A. 帽子女夏天遮?帽?版百搭防紫外?遮??外?夫帽太?出游防?帽; B. ALCLOSET 定制高腰?力?尾裙荷??包臀半身裙春夏新款; C. 2018春?新款?版?帽??衫?松毛衣女假?件?袖?衫上衣?色潮; D. ?子毛???松??高?外穿毛衣女冬季百搭羊毛加厚套?外套; E. 月老家 街?潮牌?哈黑白撞色?接?松?袖牛仔外套女秋2019春款; F. 小黑包女春季??菱形小香?菱格??女包包2019新款??百搭?性; G. MG小象???衫女?袖秋季2018新款??袖chic小?新上衣港味?衣; H. 豹?加??面穿?羊羔毛外套女?松加厚?克大衣短款冬季2018新款; I. ?都衣舍2018新款女?春??版?瘦???接荷???衣裙RW7633?; J. ?皮可?女孩印花荷???瘦???衣裙,F,F,0,0.355704698,0.986577181,0.360544218,10,5,250,45,41,False
28830,6062,2,C,"[27525, 24847]","[5157, 28441, 6062, 11028, 15132, 23318, 1465, 25592, 20870, 13464]",1. 夏季高?感包包女2019新款小ck女包???感迷???斜?小包春款; 2. ??露娜???珍珠耳? 女式???款耳?新款ins耳??版耳?品,A. 泡菜的店2018春夏新款港??古卷???磨白bf九分?直筒牛仔?女; B. ?洲站厚底小白鞋女2018秋新款休?增高??板鞋百搭?鞋松?女鞋; C. RoseLingLing夏季Chic毛?黑色高腰牛仔短?女?松?瘦?腿??; D. AIYALIU 高腰多拉???小脚?女??白??接外穿打底?; E. 林印象切?西短靴女2018新款?皮黑色?古?院?中高?短筒?丁靴; F. 重工???古提花印花??无袖背心?衣裙; G. 林?琦 ???女2018秋?新款百搭?色印花小脚???休??子潮; H. ?版棉?女黑色chic羽?棉服中?款加厚??膝?松bf棉衣外套冬季; I. ACSENSE 2018秋?新款chic亮面高?力?叉?身高腰打底?皮?女潮; J. 猫?紫/原?日系2019春?新款女?古?色?松休?牛仔?高腰?瘦,F,F,0,0.355704698,0.986577181,0.360544218,10,5,250,45,41,False
28641,14390,1,B,"[20530, 5142]","[8795, 14390, 2059, 21598, 2893, 7285, 14987, 19621, 6885, 19735]",1. PLANK「 造白」｜米白色?福鞋｜尖?｜??可??｜?白?皮底; 2. FENDAS不??假?件中?款?松休?露肩chic牛仔?衫?甲上衣女夏,A. 初薇回?款！2019新款撞色??牛皮波士?枕?包手提斜跨?皮女包; B. 帽子女春夏休?百搭字母刺??舌帽米色白色防?遮?帽?外棒球帽; C. 大?女鞋2018冬季新款街?中?粗?????加??拉短靴8D1571E; D. 【梗豆物?】三色可?格子百褶裙 kyouko JK制服 ?生制服裙新款; E. 港?板鞋女2018新款街拍ins小白鞋??百搭??系?平底休?鞋潮; F. 三彩2017冬?新品 高腰修身??系?包臀小皮裙短裙PU皮半身裙女; G. 馨??2018新款?生?版基?款?古原宿直筒?松高腰牛仔?女秋冬; H. Danielwellington丹尼?惠?? dw女表28mm金?表?手?套?; I. ALUONLINESHOP 菱形??黑色皮短?女春季修身百搭休??子潮5; J. ????S999足?手??空串珠推拉???子送女友?蜜???物,G,G,0,0.355704698,0.986577181,0.360544218,10,5,250,45,41,False
23538,22013,1,B,"[24847, 9432]","[2425, 22013, 25422, 468, 29939, 26949, 17903, 2267, 2060, 27962]",1. ??露娜???珍珠耳? 女式???款耳?新款ins耳??版耳?品; 2. ?????衫春夏2019款女士?松黑色??衫中袖?版?空洋?小衫,A. VIGG?鹿耳???女?款??高?感故?耳?法式上2019新款潮新了; B. ?厚皇后 春季海??皮半身皮裙女中?款?羊皮修身包臀裙?版Z; C. ??鞋一字?凉鞋女粗?chic??生夏2019新款?古百搭?版高?鞋; D. Senda/森?2018夏秋新款??同款尖?女粗高?凉鞋VJA30BK8; E. 限?7.5折 2019春季女新款  ?芯?高腰?瘦百搭?卜?; F. A7seven ?海毛麻花套?毛衣女秋冬2019新款?版?生?袖??衫潮; G. bellas 破洞牛仔?女2019春季新款百搭?瘦直筒??版九分???; H. 森宿2018秋?款棉衣?帽大口袋?色?院?大?面包服棉服女; I. 99twins【?瘦水洗?】??古做?修身???色金色??牛仔?女; J. ?洲站2019春夏新款?皮?鞋厚底松?鞋休?系?英??布洛克女鞋,B,B,1,0.355704698,0.986577181,0.360544218,10,5,250,45,41,False
8454,23078,3,D,"[24915, 29124]","[25113, 12686, 17416, 23078, 1691, 17793, 2840, 3508, 8827, 3171]",1. HAVERICE?? 本期??无?好穿?古英???丁靴女春季?皮短靴; 2. 【南?】?古流浪包包女2019新款??百搭??女包?肩斜???包,A. ????可??色小?迷?耳?女925?????性?美小?新耳?; B. 小番茄定制 ?腿?女夏季?松?瘦?叉九分?子垂感???; C. ?洲站女鞋春季2019新款?皮??蝴蝶?尖?高?鞋女?口???鞋; D. 港?棉麻?舌帽男女士春秋冬天文??古百搭?雷帽八角帽?童帽子; E. vivifleurs夏??正品??酒杯?通勤女鞋 精致??高?凉鞋; F. ?莎chic雪?小?新碎花V?收腰修身?古?衣裙女夏新款裙茶歇裙; G. 素?原????品牌S925?情?戒指女食指戒潮人大???中指指?; H. 【??价66元】2018秋季新品立?七分袖??袖A字???空?衣裙; I. 海晨?2018冬季新款?版?古bf港?超火中?款?松棉服棉?外套女; J. MG小象休?粉色棉衣女冬?新款中?款?帽面包服?松大毛?外套潮,F,F,0,0.355704698,0.986577181,0.360544218,10,5,250,45,41,False
27051,15496,1,B,"[17457, 15544]","[9514, 15496, 14556, 2410, 4791, 384, 11940, 3270, 15790, 25201]",1. Mell ??斯人像 小?法式不??耳??女无耳洞高???感??; 2. roselingling百搭???力牛仔布毛?前短后?修身?瘦小脚牛仔,A. ?色修身螺?毛???衣裙秋冬女2018新款高??袖???瘦中?裙; B. 皮毛一?雪地靴女防水防滑2018冬新款?皮?外保暖?丁靴子百搭; C. 可然出品 山茶/高品? 白色?麻?衫女春??袖上衣 ?松棉麻?衣; D. 哈森  冬季休??孔系?拉???粗??丁靴女 HA72445; E. ?衣裙2018新款??喇叭袖后背??蝴蝶?收腰不????短裙9033; F. 加?小皮鞋女2018新款秋季英??院?ins???古?生黑色平底鞋; G. ?都衣舍2018?版女?秋?新高腰卷??力修身小脚牛仔?GQ7721?; H. 下-接吻猫2018秋季新款女款牛皮深口?鞋厚底小白鞋女DA98694-50; I. 2019春季新款?鞋女尖??中?黑色工作鞋百搭小?新蝴蝶?高?鞋; J. 【?夫人】CHINSTUDIO系?毛?外套女中?款修身羊毛?面?大衣潮,C,C,0,0.355704698,0.986577181,0.360544218,10,5,250,45,41,False
14153,12646,4,E,"[18217, 2004]","[15108, 9004, 27590, 27161, 12646, 2959, 3770, 19855, 29397, 30603]",1. 艾斯臣2019春季新款?版百搭基?小白鞋女?皮?增高?生休?板鞋; 2. 小?包包女2019新款潮 ?版 百搭斜?包?皮女包迷??肩包斜跨包,A. 西班牙小?鞋厚底?增高小白鞋女2019春季新款?版百搭松?帆布鞋; B. 古伊萱原?2019新款春季潮女?手工花?亮片菱格?肩手提斜?包包; C. ?雪2018夏?新品 ??通勤小黑?休???松九分?腿?女; D. ?衣裙女2018春秋新款??套???中?款??裙毛衣配裙子?件套; E. 2019春?新款小?新可?毛??衣裙法式?古?色背心裙女?生裙子; F. s925???耀星空???版??不??星星?款流?耳?耳?耳?品; G. JESSIE&amp;JANE女包???肩?水桶包2285???肩包休?皮包斜?包; H. 娜娜日?2019春?新款?版女??松高腰?瘦直筒背???牛仔?女; I. 棒球棉服女短款冬2018新款ins加厚棉衣面包服外套棉??行??克; J. ?美?枝?女包??牛皮?金包大容量?色新娘?皮??包,C,C,0,0.355704698,0.986577181,0.360544218,10,5,250,45,41,False
18369,3858,4,E,"[26931, 30641]","[6170, 22996, 18256, 29236, 3858, 1980, 22864, 18944, 15203, 2795]",1. 春季小包包女2019新款潮?版百搭斜??肩??????休?小方包; 2. AI 法式?古?雷帽 羊毛含量高?90% 秋冬女?家帽毛?南瓜帽子,A. MG小象一字??衣裙女夏2019新款?版粉色蝴蝶?超仙?美a字裙潮; B. 茵曼女鞋2018新款?鞋明星休?小白鞋系?百搭板鞋4871030099; C. INCA?古?鞍包女半??肩斜???百搭少女小?包?版2018新款; D. ??薇2019夏?新款?生小?新字母印花?松半袖T恤女cec短袖上衣; E. 虎牙犬牙 牛仔?女2019新款夏季ins怪味少女?直筒?松chic老??; F. ??小包包2019新款潮?版百搭?性??手提小?新少女包?肩斜?; G. 小瑞?包 ?色信封手拿包包女2018新款?????肩小包斜?包潮; H. VH女包2019新款?肩包牛皮女士斜?包??手提包??大方形?琴包; I. 【SASA小姐】定制 夏款???性流??前后拉???牛仔短?女; J. 鞋子女2019新款春季?皮尖??鞋?古???口平底交叉??鞋,J,J,0,0.355704698,0.986577181,0.360544218,10,5,250,45,41,False
21792,127,2,C,"[2368, 6154]","[26056, 15795, 127, 27585, 25841, 26611, 25564, 24441, 21025, 5230]",1. STPY日?白色滴油耳???CHIC??古??百搭耳???金S925手作; 2. 子晴?色中?款?面尼羊毛大衣女冬?2018新款?面穿毛?外套,A. 【1CP】新款棕色毛??子高腰?瘦灰色直筒?腿九分?女; B. 森女部落雪??衫?衣裙新款女?2019流行裙子春?蜜?仙女a字裙; C. 【南?】?????包包女2019新款夏季??休?女包?肩包斜?包; D. MOSS定制2018春季新款?版?生百搭??外套毛衫?衫女AD81008; E. MIUCO夏季新款刺??仙的法?小?荷??A字型粉色???衣裙女k; F. FURLA/芙拉女款 黑??色牛皮?肩/斜?包 BJN5 ?? 瑕疵特?; G. ??伊 ?帽子定型毛??雷帽女秋冬?版日系可?蝴蝶??家帽; H. 透????接格子无袖chic娃娃裙?衣裙子; I. 范思?恩雪?白?衫女?袖?范2017秋?新款?物刺??松???衣; J. ?美大牌?何?花珍珠柳?包包女2017新款秋季斜?包pu?皮小方包,C,C,1,0.355704698,0.986577181,0.360544218,10,5,250,45,41,False
2785,30641,4,E,"[8567, 21139]","[3683, 18106, 27302, 9316, 30641, 25655, 27605, 21429, 30093, 16629]",1. ?美2018秋冬新款??厚底?筒靴及膝靴女皮靴?士?靴高筒靴?靴; 2. ??家春夏?版中?款白色??包臀毛衣裙V?坑????衣裙女,A. 2018新款高?感洋?2019上新?皮豆腐包box包百搭?肩斜?包包女; B. 【祥云版】回力女鞋帆布鞋百搭小白鞋情?板鞋?生??休?鞋子秋; C. 斜?包女?版2018新款潮ins超火包百搭???肩女包明星同款包包; D. 林珊珊自留推?秋?季心机露腰九分?子修身?瘦?力小脚牛仔?女; E. AI 法式?古?雷帽 羊毛含量高?90% 秋冬女?家帽毛?南瓜帽子; F. 2018秋季新款?衣?美可?蝴蝶?娃娃?雪??衫女?生?袖上衣; G. 金狐狸chic??小包包2019新款女包大??肩斜??琴包牛皮??包; H. openlady 黑色?身破?小脚牛仔?女 ?瘦百搭???2018冬季新款; I. 福?手?女??925??????品?古潮流?性?蜜定制?物手?; J. ?洲站宋?同款水?晶老?鞋女2019新款春季??厚底?皮智熏?鞋,A,A,0,0.355704698,0.986577181,0.360544218,10,5,250,45,41,False
698,28010,2,C,"[29124, 21277]","[4623, 4643, 28010, 17023, 5212, 18258, 4822, 11666, 878, 16893]",1. 【南?】?古流浪包包女2019新款??百搭??女包?肩斜???包; 2. X?美大??衣裙2018秋冬新款刺?花??尾裙?松?瘦?MM中?裙,A. 范智? 白色休??腿?女夏高腰2018新款九分??松怪味少女?子; B. 毛毛鞋女秋冬?皮?人包?半拖鞋女冬?毛外穿毛毛拖鞋??穆勒鞋; C. MAGENA原??古?柔?小羊皮?雷帽?雅?皮?家女帽子秋冬新品; D. ??靴子短靴女秋2018百搭白色方?高?粗?瘦瘦裸靴ins短筒?丁; E. casio旗?店AQ-S810??防水手表??男表?西?官?小黑表正品; F. BettyChow大?！???款羊毛?格子中?款廓形西服外套 18年4; G. 相??/巴黎姑娘|?雅??法式少女?衣裙?袖?古?尾裙米白女; H. 皮?女2018秋新款?版女?修身?瘦松?腰PU皮?加?休??哈??; I. ??高?毛衣女?一琳2018春秋新款?版??撞色chic打底??衫潮; J. ?皮??平底?靴及膝靴?士机?靴不?膝高筒靴?筒靴?靴?靴女,D,D,0,0.355704698,0.986577181,0.360544218,10,5,250,45,41,False
3762,25615,5,F,"[27114, 9047]","[30898, 24408, 23782, 29453, 11655, 25615, 21060, 11985, 626, 7280]",1. 沙?帽女巴拿?草帽遮?帽夏小?新海?海?帽太?帽度假防?帽子; 2. 2019春夏季新款凉拖鞋?皮平底包?半拖鞋白色无后?中性穆勒鞋女,A. 小包包2018夏季新款女包ins撞色透明包果?包迷????肩斜?包; B. 下架打底?女季2019新款?瘦小黑?女外穿?版修身百搭?生小脚; C. 透?????接?珠流??高腰?衣裙; D. Bata/拔佳金?方?方?舒适低?牛皮革?福鞋女?鞋6203CM7; E. ?洲站2018秋冬穆勒毛毛鞋?毛平底毛毛拖鞋女外穿包??人半拖鞋; F. 正品尼?手表女士机械表??潮流防水款夜光?皮?空?性女表新款; G. ?都衣舍2019春?新款女??版修身?瘦破洞小脚牛仔?MM8722煜; H. ?棉麻|初履2018春新款??珍娃娃鞋?口?鞋女日系?生1701012-1; I. ins夏天果?小包包迷?仙女2018新款潮?版百搭斜?包honey?迪包; J. ?色羽??甲女短款背心?生?版春秋外套2018新款,A,A,0,0.355704698,0.986577181,0.360544218,10,5,250,45,41,False
8502,4946,1,B,"[24847, 6892]","[14324, 4946, 10683, 14413, 12255, 7994, 11761, 23804, 17033, 25995]",1. ??露娜???珍珠耳? 女式???款耳?新款ins耳??版耳?品; 2. 夏?2018新款女ins超火性感露肩小心机?衣裙?瘦小香?裙子女夏,A. ?家RMOJUL 2018夏?女?新 ??西??不??荷?????衣裙SW; B. bering白令手表女 防水品牌正品女士手表 ??小表?星空女表dw01; C. BEAU秋季小白鞋女?版?皮小皮鞋平底休?鞋女透?舒适板鞋??鞋; D. ?都衣舍2019春?新款女??版?色?瘦中?款背??衣裙CQ6855?; E. ??T恤+小?新??背?裙?衣裙?件套女; F. 彼得潘大叔《夜?的眼?》文??古印花V??衣裙女夏2018新款; G. 班77?????衣裙女夏季2019新款短袖花色a字裙?瘦中?款裙子; H. 小白鞋女????透??空百搭?版休?套脚?皮街拍?面ins女鞋; I. 2019春季新款百搭黑色少女小?新高?鞋女??尖??色性感?鞋子; J. 西西里男?港?牛仔?男九分黑色chic?子男生?版潮流直筒?,B,B,1,0.355704698,0.986577181,0.360544218,10,5,250,45,41,False
26571,5405,2,C,"[24847, 18274]","[16359, 29136, 5405, 8963, 30582, 11821, 23863, 21510, 30838, 19829]",1. ??露娜???珍珠耳? 女式???款耳?新款ins耳??版耳?品; 2. 【QC】MIUCO?通狗印花??polo裙T恤裙休????衣裙k,A. 也桃 ?美原??何??耳?925?耳?无耳洞耳???三角?形耳?; B. 2018新秋冬百搭舒适ins小皮鞋?古黑色???鞋女 中? 大?鞋; C. 勿上??秋款?院?女士系???休?鞋平底小白鞋H14W8105; D. 高腰?身薄?皮?女九分2018新款秋冬?力?瘦小脚提臀磨砂打底?; E. 瘦瘦靴?丁靴女二棉?皮?生加??皮靴子女2018新款大?短靴鞋冬; F. 羊羔毛毛鞋女秋冬季?版新款瓢鞋加?保暖平底?人金??豆豆?鞋; G. GENANX原????潮牌羊毛大衣男?年?款休?冬季外套男士?衣; H. ??2018年夏季新款女士坡?凉鞋女?生休?露趾百搭女鞋H55W8202; I. 熊猫本 ??t恤男短袖情??夏?海魂衫日系潮???松黑白?恤男; J. LIL CHER原宿?高腰直筒牛仔?女春秋2018新款?版?瘦chic??子,C,C,1,0.355704698,0.986577181,0.360544218,10,5,250,45,41,False
4738,21802,7,H,"[30720, 13625]","[6103, 10379, 23916, 8726, 30007, 8643, 17491, 21802, 16511, 26817]",1. ?谷包包女新款牛皮斜?包百搭?包女包小包斜跨?肩包??小方包; 2. 勿上??秋季?院??美女士系?休?透?鞋??小白鞋H14W8501,A. Ameber2019原?新品平底?鞋女?口???鞋手工?皮皮鞋羊皮鞋白; B. 上新小包包女2019春夏新款迷?chic??包??百搭?肩斜?小方包; C. Ipanema凉鞋女外穿夏季平底????鞋?脚海?沙?鞋?生凉拖鞋; D. 云思木想原????女?2019春夏新款仕女印花中?款吊??衣裙32; E. 1件7折2件6折 烟花?外套女2018新款冬?古?瘦格子毛?大衣 ?粉; F. ?谷包包2019新款?性???肩斜?手提女包百搭?琴包通勤?莉包; G. ELLE女包18年新品80570?蛇??肩包迷?斜???肩?手提; H. ?衣裙秋?女2018新款?版imiss???小心机??感??pphome裙; I. 2019夏季新款?皮中粗?女鞋子皮??包?凉鞋英??古后空高?鞋; J. ?洲站2018新款100%羊?衫女高?毛衣???松套?加厚羊毛??衫,D,D,0,0.355704698,0.986577181,0.360544218,10,5,250,45,41,False
3087,24847,9,J,"[24669, 26076]","[1320, 30345, 8624, 3286, 26193, 4213, 19224, 8601, 12703, 24847]",1. fed夏季高筒???格?布凉鞋女 ?空交叉??平底鞋凉靴1150572; 2. 美熙小香?菱格??包女2018新款??百搭??小黑包女斜???冬,A. 金?定制 2018自制秋冬白色?松高腰?腿休?牛仔??油???女; B. 方??鞋女?皮?口中?2019春季新款百搭粗?夏季春秋春款皮鞋女; C. 2018新款女?春?打底?搭?裙子2017秋冬季小香????衣裙女春; D. 2018春秋?新款?版chic高腰?力黑色?瘦??同款牛仔?女破洞?; E. 品牌小手提包??尼?女包防水牛津布?手包包???美??斜?包; F. 【限?特?】CASSILE牛皮????休??琴小方包女?肩包斜?包; G. ??琳空?秋季2018女??版OL??性感露背V??松?袖?衫上衣; H. 夕夕米露/小?新冷淡?假?件套雪????衣裙女夏?生2019新款; I. ???性百搭???款流???耳?女??花?耳???瘦超仙耳?; J. ??露娜???珍珠耳? 女式???款耳?新款ins耳??版耳?品,A,Choice: A,0,0.355704698,0.986577181,0.360544218,10,5,250,45,41,False
19301,25371,5,F,"[7933, 13625]","[42, 18120, 19680, 28289, 9212, 25371, 14768, 5136, 25520, 25373]",1. 黑色???? ???性?圈吊??圈??百搭?子?品 choker??; 2. 勿上??秋季?院??美女士系?休?透?鞋??小白鞋H14W8501,A. roselingling  ?性??高?厚???落肩袖??感保暖??衫毛衣; B. 雪? ??木?耳?女?款仙?毛球吊??美?古圈圈?性流?耳?; C. 素木中腰破洞牛仔?女秋季2018新款新款毛?港??瘦女?JY3280; D. LOSEA ????小方包女2018新款?肩包上新??包女斜?小包包女; E. MG小象高腰直筒?女秋冬2018新款??休???松?生ulzzang?子; F. Danielwellington丹尼?惠?? dw女表32mm黑色金?女表; G. LIN CHAO ZHANG ?皮蝴蝶?口重工?褶?接亮??袖??裙?衣裙; H. ??薇春秋季刺?短款?袖女上衣?生?松加??帽套?白色?衣女; I. ??正品小表?女士小?新手表文??古?生?妹石英?式??女表; J. 冬?凰新款高?羊?衫女套?毛衣加厚???松打底??衫大???,C,C,0,0.355704698,0.986577181,0.360544218,10,5,250,45,41,False
20383,20263,4,E,"[22061, 24847]","[22297, 6995, 3743, 7501, 20263, 15964, 17797, 21214, 28924, 20647]",1. ?美名媛??法式少女V??袖黑色?衣裙?裙2018新款秋??服裙; 2. ??露娜???珍珠耳? 女式???款耳?新款ins耳??版耳?品,A. K家????腿?女??2019春夏新款?松薄款松??感高腰直筒?; B. chic小包包女2019新款潮?肩港?斜?小方包?版??百搭?古女包; C. 吃茶去男款??有机棉??短袖T恤 白黑素色打底?色 休?文?; D. ?古修身裙??子大衣加厚中?款羊毛?外套秋冬季女?20199新款; E. PANDORA潘多拉??金色?典?雅??386240CZ???骨??品女; F. 棒球帽女春夏?外遮??舌帽白色小?新潮帽子; G. 小白鞋女鞋2019春款夏款春季新款百搭基?平底洋?板鞋??白鞋夏; H. 2018新款性感8cm高?拖鞋女??包?凉拖?美??穆勒鞋尖?半拖; I. Ipanema2018新款女士人字拖 Starck???原?拖鞋斯塔克?合款; J. ?美?夏凉鞋女中?尖??鞋交叉?猫?ZG116AH6,B,B,0,0.355704698,0.986577181,0.360544218,10,5,250,45,41,False
9357,21413,7,H,"[15481, 30641]","[11999, 6206, 23088, 6974, 12505, 5522, 10126, 21413, 17988, 641]",1. 小瑞?包菱格??包包女2019新款?皮手提?肩小包??百搭斜?包; 2. AI 法式?古?雷帽 羊毛含量高?90% 秋冬女?家帽毛?南瓜帽子,A. ?洲站淑女名媛女?秋2018新款?接??短裙高腰裙子荷???衣裙; B. gthomme春季黑色牛仔?男?版修身小脚?子男士?力???松潮牌; C. MG小象流行?子大衣女冬中?款?版2018新款?松格子原宿毛?外套; D. Titlee?18k金?接???美冷淡?小???手?女ins?chic??; E. GARMENTBOY 秋冬新款?版千?格?袖?衣特???款?衫男女款; F. 拉菲草帽女夏季出游休?度假遮?帽平沿巴拿??帽毛?沙?帽?版; G. ?帽?衣女2019春秋新款?松?版?帽衫?棉薄款套?cec白色外套; H. 加?牛仔?女秋冬新款??脚口?叉?身高腰?瘦小脚???子#; I. 2018夏季?色不???松牛仔??腿短?女??版夏??生高腰??; J. 裙子夏女2018新款 少女心仙女裙?瘦V?民族?刺?雪??衣裙短裙,C,C,0,0.355704698,0.986577181,0.360544218,10,5,250,45,41,False
244,250,2,C,"[19444, 3296]","[20768, 6280, 250, 3005, 28021, 10716, 4904, 9221, 26305, 10246]",1. 新款百搭?夫帽羊毛?面日系可折????版盆帽子女士春秋季?年; 2. 【南?】黑色??小方包2018新款????女包?肩包斜?包小包包,A. ???衣裙2019新款夏??裙中?款???美?瘦重工刺?仙女裙; B. 小白鞋女2019春款?版??洋?超火夏季百搭潮鞋透?厚底?瘦脚小; C. A7seven?古麻花大V??袖套?毛衣女秋冬?版?生百搭?色??衫; D. MONA 一字肩?衣裙女夏2018新款高腰??色?松泡泡袖???裙子; E. 三彩2018夏?新品 ??????衣短??腿?街拍?子女潮?松; F. 恰若春夏季新品?皮凉鞋牛皮包???尖?女鞋子交叉??包??美; G. 小香?泡泡袖?衣裙女春2019春?新款名媛小?子白色蝴蝶?娃娃裙; H. 原?布衣?冬?女2018新款可??美少女大毛?棉衣女短款?小棉?; I. 雪地靴女2018新款冬季加?保暖棉鞋防滑平底短筒后?系??皮短靴; J. 秋季BF?原宿港味灰黑色牛仔?女?松九分大?香蕉?生?卜哈??,C,C,1,0.355704698,0.986577181,0.360544218,10,5,250,45,41,False
6475,29744,9,J,"[7653, 1912]","[5480, 3306, 22169, 12863, 8615, 14622, 18520, 26948, 14965, 29744]",1. Marie Claire夏季??凉鞋海?粗?度假丁字??水?平底MC仙女鞋; 2. 2018新款夏chic中?款碎花?瘦超仙女?柔裙子稍少女心雪??衣裙,A. 黑色金??刺?抽??用?肩包手提包 油果日?; B. 春秋?女2019新款高冷范女???修身包臀酒?色???衣裙女?衣; C. 山水集包包女2019新款原?ins??婚包?色手提斜??肩?皮女包; D. ??《醉??》?古?色可?毛?外套女冬季新款中?款加厚大衣; E. NOTHOMME日系潮牌假?件?色?衫男款???衣街??哈; F. 【南?】?色手提包包女2018新款秋冬??女包拉??肩包休??包; G. Mr.8原?手工牛皮女生信封包森女系?肩包日系迷?斜?包?古小包; H. 大叔家保暖做?星星?鞋女秋冬新款毛毛鞋系?厚毛棉鞋加?小白鞋; I. 林珊珊2019新款度假?文??新印花无袖吊?裙夏; J. 蝴蝶??珍珠耳?耳?女?款吊????????性小?新耳?耳?,J,J,1,0.355704698,0.986577181,0.360544218,10,5,250,45,41,False
2709,14643,3,D,"[16507, 30627]","[1098, 24153, 12486, 14643, 15818, 27496, 8164, 2554, 25177, 583]",1. GENANX??潮牌低?板鞋套脚一脚??哈??英?休??年潮松?鞋; 2. GENANX??潮牌?帽黑色?衣男套??松中?款假?件?衣帽衫情?,A. ??家女?秋季2018新款?皮?休??女高腰?腿?子九分直筒?子; B. RonRon自制 秋冬?袖蝴蝶??衫??通勤?搭?衣粉色2017女新款T; C. 可??心?耳??衣女上衣粉色萌系短款少女?美外套2019春?新款; D. GENANX??潮牌男士?子新款?版?松??印花潮流休??男?年; E. Danielwellington 丹尼?惠??DW女表32mm皮?石英女表; F. MG小象高???毛衣女冬2018新款?松打底衫?版潮套??袖??衫; G. ?洲站小?鞋2018新秋?皮??鞋尖??口百搭?版低??鞋女瓢鞋; H. 【?就折】2018春?新款木耳?半高?雪?衫女印花荷?碎花雪??; I. ?子女秋2018新款?松?版ulzzang百搭高腰?脚收口休??九分?; J. 日?2018秋?新款??衫女?松套??色??上衣V?毛衣女?XJ,D,D,1,0.355704698,0.986577181,0.360544218,10,5,250,45,41,False
17015,11015,6,G,"[24847, 8791]","[2576, 26990, 24644, 30843, 511, 2923, 11015, 7717, 29276, 8419]",1. ??露娜???珍珠耳? 女式???款耳?新款ins耳??版耳?品; 2. 美?代?Armani 阿?尼手表女士??金????石英女腕表AR1909,A. S925???耳?女?????石五角星耳??物耳?品????耳?; B. ?都衣舍2019女夏新款?版???松?瘦休?系??袖?衫NG8201茵; C. 鞋夫人方?羊羔毛毛鞋一字?加?冬平底ins??chic豆豆鞋女鞋子; D. 初?2018秋季新款?袖?松?衣女薄??袖?性印花???棉上衣; E. MOMENTHOME?松牛仔?女秋季2018新款高腰???古chic?叉直筒?; F. ?洲站2019春季新款?水?板鞋女高?鞋魔??厚底??休??鞋潮; G. ?社交女鞋2019春新款米白色???高?鞋??宴???尖??鞋; H. 伊??秀2019夏新款刺????衣裙露肩高腰中?大??古初?裙女; I. ???? left lady新款??高端女??美大牌修身?瘦淑女?衣裙; J. 【???? 不退不?】?版2018新款套趾????平底凉拖沙?鞋,H,H,0,0.355704698,0.986577181,0.360544218,10,5,250,45,41,False
28071,5600,4,E,"[18324, 9934]","[529, 23818, 20874, 27854, 5600, 15162, 29104, 20466, 8296, 9585]",1. 小?家包包女2019新款冬季毛毛包女包手提小包包?毛包?肩斜?包; 2. 2019春款?版粗??皮尖??鞋女?古百搭?口工作鞋中???鞋潮,A. ?品??鞋子女秋冬季2019新款高?棉鞋加??生百搭?版??板鞋; B. Designer Plus 秋?女2018新款??套?背心裙?????皮?件套; C. 73Hours Estelle 2019春夏款???布????高?鞋婚鞋女新娘鞋; D. 牛?? 高品?收藏 天然黑?晶手?男女水晶 招?防小人步步高升; E. 限?7.5折 女中?款2019冬?花色全羊毛?面?大衣外套; F. 三巷自制 天?麻百褶无袖背心?衣裙荷??百搭小黑裙 女夏; G. izp?古??港味牛仔短?女高腰a字?瘦?腿短?女夏2018新款; H. 梅子熟了 小?新毛衣裙女?古?柔????衣裙; I. 金大班?珊2018秋季新款?版A字格子半身包臀百搭短裙子女?生; J. CLOUDSPACE女????松短款??外套?衫女,E,E,1,0.355704698,0.986577181,0.360544218,10,5,250,45,41,False
2089,13003,5,F,"[30318, 12422]","[17790, 23023, 15525, 15337, 13567, 13003, 3697, 21738, 10952, 4734]",1. ?古少女心金箔?克力耳?女?????款?性??耳?耳?R014; 2. HFresh ?色手提包包 女包2019新款 ??斜?包女?肩?皮女包,A. 毛?小象??t恤女?棉???松上衣2018夏新款打底衣服?瘦?恤; B. ONE MORE2018春?新款背??女?接七分?牛仔?毛毛??妹直筒?; C. ?都衣舍旗?店?子2018新款?版女?磨破?色???牛仔?女?松; D. KissKitty夏季新款竹??羊皮金??式平?凉拖鞋女; E. 高?感小包包女包新款2019手提斜?包百搭ins洋??感??小黑包; F. 「Misaz x 12.12」- 中?款百褶裙; G. 夕蒙2019新款春秋薄款港味?版休?中?款?生流行?衣外套女?膝; H. LR女鞋Luxury Rebel夏新款粗高??金色??珍凉鞋??婚鞋; I. 金米?kimio少女手表??大?防水?生女表小?新手?石英表女士; J. 小谷粒??半身裙2018春季女?新品+??港味?衣裙中?款?件套,I,I,0,0.355704698,0.986577181,0.360544218,10,5,250,45,41,False
18979,29124,0,A,"[29018, 24227]","[29124, 3350, 7860, 27361, 6000, 1501, 13362, 7713, 23256, 26611]",1. 一力米灰?膝?靴女2018冬季新款尖?高?粗??筒靴?力?瘦瘦靴; 2. 衣品?原?大??版格子?接?帽棉服女中?款冬?棉衣?子Q390,A. 【南?】?古流浪包包女2019新款??百搭??女包?肩斜???包; B. 2018春?新款?版?帽??衫?松毛衣女假?件?袖?衫上衣?色潮; C. ???2018夏?新款?美潮牌bf?印花字母?色t恤女短款百搭上衣; D. 芮? 女人味十足的混色格?荷??高腰小A短裙女; E. 三彩2018夏?新品 ?穿一字?印花雪?短?喇叭袖松?腰?衣?女; F. 【?大人】?肩?徽章牛皮包包女2019新款?肩斜跨小方包?皮女包; G. StuckB咸?共和???妹日系文??小皮鞋女JK制服鞋?生?口米色; H. 冷淡?裙白色V?雪??衣裙超仙女夏2018新款中?公主裙吊?套?@; I. 太平?男? 黑色男士冬季高?毛衫刺?毛?衫男士毛衣BWEB74374; J. FURLA/芙拉女款 黑??色牛皮?肩/斜?包 BJN5 ?? 瑕疵特?,A,A,1,0.355704698,0.986577181,0.360544218,10,5,250,45,41,False
9369,30641,2,C,"[24938, 2198]","[26559, 11914, 30641, 25404, 18020, 12613, 17461, 18123, 7339, 6530]",1. ??家?版??毛?牛仔?女高腰?瘦小脚?修身???子秋季新款; 2. 上新小包包2019春新款百搭??小黑包??百搭迷??肩斜?包女包,A. 【南?】毛??接女包包斜?包2019新款秋冬??百搭?肩包??包; B. 戴拉925???款耳?女 ????耳?无耳洞?珍珠高?感耳?耳?; C. AI 法式?古?雷帽 羊毛含量高?90% 秋冬女?家帽毛?南瓜帽子; D. 耳?女???????性百搭?款流?天?耳?冷淡?超仙潮人耳?; E. Ipanema凉鞋女夏季??女鞋新款??鞋平底海?沙?鞋?生仙女?; F. 2019新款春?性感女?裙子波点?裙吊??衣裙夏??仙女蛋?裙春; G. 伊芙??衣女?帽2019春?新款薄款套??松????袖白色上衣女; H. 小?2017新品?版高腰不????半身裙女修身?瘦?叉包臀裙短裙; I. Designer Plus 外套2018新款秋?古a字收腰大裙??膝?款?衣女; J. 水貂?外套女??外搭短款2018新款秋冬?衫?版休??松加厚毛衣,C,C,1,0.355704698,0.986577181,0.360544218,10,5,250,45,41,False
16174,13302,5,F,"[25656, 17509]","[7216, 28138, 27384, 25865, 24330, 13302, 30179, 20106, 28583, 3518]",1. 衣品?原?大?百搭?瘦直筒牛仔?休???女2018春秋?新款K984; 2. 衣品?原?大?前短后?套?短袖?衫?MM女??衣上衣夏?M240,A. 羊羔毛外套女短款2018冬季新款?皮?棉服?克加厚工?棉服机?服; B. 生姜原?女??意茶服新中式立?文??古改良旗袍?衣裙11721630; C. ?鞋女平底2019春季新款?皮??鞋小皮鞋方??人鞋米白色蝴蝶?; D. MG小象??外套女短款2019春季新款?版?生?松港味?古chic上衣; E. Ayuko 春秋新款西?女高腰修身休?直筒?松?腰百搭西??子女; F. ins小白鞋女春季百搭基?皮面?生鞋子平底?鞋?皮板鞋女鞋休?; G. HAVE RICE?? ?人淡丁香紫工????? 春款女; H. 破洞牛仔?女春?2019新款?版?瘦女?九分?身小脚???子女?; I. 流?斗?毛衣女秋冬2018新款??衫外套小高??松加厚套???衫; J. FENDAS中?款高腰????名媛不???接刺?无袖修身?衣裙女夏,F,F,1,0.355704698,0.986577181,0.360544218,10,5,250,45,41,False
16637,9497,8,I,"[7206, 26019]","[7432, 23472, 27448, 14659, 6548, 25494, 28547, 6025, 9497, 23704]",1. A7seven ?力?瘦黑色外穿打底?女秋季百搭修身小脚??????; 2. A7seven ?松??V?羊羔毛套??衣女秋冬?版?生大??衫外套,A. ?都衣舍2019夏?新款女??柔裙子?生仙女短袖???衣裙DU8301; B. 粉色?毛拖鞋露趾一字拖女平?毛毛拖鞋交叉?毛毛鞋平底??女鞋; C. GENANX??潮牌情??春夏新款五分袖潮流?松中袖短袖t恤男衣服; D. 古伊萱2019春上新款ins?手工??珍珠手提?肩斜?菱格?小包包; E. 衣品?原?大??松?空?接?袖?衫女2019春?中?款?衣T308; F. 925??天然淡水珍珠耳?女?????空高?鞋款耳?防?敏耳?; G. 【南?】手提包女士包包2018新款?版百搭女包?肩包小方包斜?包; H. 2018新款中?加?毛毛鞋?版百搭英?棉鞋豆豆鞋?福鞋粗?女鞋子; I. 【南?】????包包女2018新款??百搭女包?肩包斜跨包?琴包; J. ?皮水桶包女2019新款?版斜?包??百搭?肩手提??牛皮女包潮,H,H,0,0.355704698,0.986577181,0.360544218,10,5,250,45,41,False
1851,18215,3,D,"[18106, 5973]","[18429, 3425, 21944, 18215, 24189, 7448, 26329, 22373, 12128, 12442]",1. 【祥云版】回力女鞋帆布鞋百搭小白鞋情?板鞋?生??休?鞋子秋; 2. ?都衣舍2018?版女?夏?新款潮?生?松上衣短袖T恤AA10293玎,A. 范智? 棉?一字肩?衣裙女夏2018新款心机裙子??感仙女裙 超仙; B. MG小象中?款加厚棉衣女2018冬季新款?松原宿棉??生休?棉服潮; C. 格?雅超火?子女2018新款垂感?松?腿???版??高腰大脚?夏; D. FION/菲安?女包迷?斜?小包包 休????肩包女 翅膀包手拿包; E. ZOWZOW?口小辣椒裙子夏女2018新款?衣裙收腰背?裙女短裙Z18101; F. 破洞牛仔?女2019新款高腰??老??直筒?版?瘦?松九分乞??; G. LR女鞋Luxury Rebel???享价99元秒?（不支持退款退??）; H. 三小姐的??夏?2019新款女收腰?瘦漏?骨印花?衣裙大?LA0058; I. 夏天chic小包包2018新款潮?版??百搭手提?肩斜?ins??女包; J. 不?膝2018新款?筒靴加?女靴秋冬?靴中??力瘦瘦靴子冬中筒靴,C,C,0,0.355704698,0.986577181,0.360544218,10,5,250,45,41,False
18365,1848,2,C,"[13625, 9339]","[12427, 21061, 1848, 18809, 7327, 11149, 23853, 5443, 27852, 5586]",1. 勿上??秋季?院??美女士系?休?透?鞋??小白鞋H14W8501; 2. ?????性???意小珍珠滴釉花???耳?女百搭耳?耳??品,A. 小瑞?包??小方包包女2019新款??百搭?肩斜?包??小包女包; B. 春季磨毛t恤?松中?款?恤?搭?袖t恤打底衫?生女白色上衣女; C. ??包CASSILE 夏季牛皮流?包?美???拉?女?肩包斜?包小; D. 春季的老?接 2018新款女春?版?松?瘦假?件?生打底RW7722?; E. ins超火的?子鞋夏季新款透??面??鞋平底高??筒?套?力靴; F. 林珊珊 2019夏季新款仙女???柔裙子??花?V?提花雪??衣裙; G. ?昆小白鞋女2019春款?皮?增高厚底休???球鞋百搭情?板鞋潮; H. 刺???裙蓬蓬?柔裙超仙少女?松?衣裙; I. 戈美其2017冬季新品?版裸靴??高?鞋尖???女鞋?古??靴子; J. 九分?腿?女夏2019新款?版薄款高腰哈??白色休???卜?子,A,A,0,0.355704698,0.986577181,0.360544218,10,5,250,45,41,False
6358,19488,9,J,"[9115, 22754]","[18856, 309, 23968, 23058, 23787, 26059, 10555, 6796, 12495, 19488]",1. ?派星空皮?手表女??潮流女士手表防水??款女2019新款石英表; 2. 西遇女鞋2018新款珍珠漆皮休?小皮鞋平底?古?福鞋女一脚??鞋,A. Micocah 包包女 斜?包 小方包2019新款 ?肩手提包??ins超火; B. 陌上猫原?美?14K包金珍珠耳?短款圈圈耳???防?敏耳?品; C. 一力米灰2018新款??秋冬季瘦瘦粗?平底?筒?力?靴?膝靴女靴; D. 雪??衣裙女夏2018新款?柔裙超仙少女小?子收腰ins超火的裙子; E. JOYDIVISION 戴妃包：Diana ?皮?雅手拿包 知性??女包 手工; F. MOCO半袖??棒球? 立?收腰 拉?刺??衣裙MA171DRS125 摩安珂; G. 素?安歌 荷?袖休?百褶裙 2019春?新款文??古A型黑色?衣裙; H. 妙?平底后系?女靴2018秋冬新款平????力?靴女瘦瘦??短靴; I. 伊布都ibudu2017冬?新品?帽流??袖加??衣女E742705Z00; J. 小瑞?包?色??小方包包女2018新款?美??斜???包?肩小包,A,A,0,0.355704698,0.986577181,0.360544218,10,5,250,45,41,False
13087,109,6,G,"[30641, 15501]","[19387, 30939, 2356, 11615, 23567, 14642, 109, 10394, 3164, 25394]",1. AI 法式?古?雷帽 羊毛含量高?90% 秋冬女?家帽毛?南瓜帽子; 2. 黑色牛仔?女2019春秋季新款加?超高腰?身?瘦????小脚?子,A. ZEGL蝴蝶??珍珠耳?女????短款耳???百搭少女心ins耳?; B. 剩?大衣女新款2018流行中?款秋冬毛?西?外套?版?松??外套; C. 宿本 法式少女茶歇裙秋2018秋冬新款女????古桔梗?衣裙?袖; D. 于momo2018冬?新款?古?瘦百搭波点裙女洋?小姐姐中?款半身裙; E. ?都衣舍2019?版女?春?新款?件套A字格子?袖?衣裙OY7488?; F. 新款海?度假沙?裙碎花?衣裙蝴蝶????叉露背吊?女神?裙夏; G. 2018秋冬季新款?版百搭?丁靴女英??高?女鞋粗?尖?磨砂短靴; H. ?芝?包包女2019新款潮?版手提包??百搭?肩包ins斜?包小ck; I. FFAN泛泛 ?活款  chao?腿?！黑色?瘦???衣裙女打底毛衣裙; J. 白?衫+?珠???接背心?衣裙?件套,H,H,0,0.355704698,0.986577181,0.360544218,10,5,250,45,41,False
26712,24847,3,D,"[8747, 11243]","[17151, 6076, 17469, 24847, 21080, 23556, 19527, 28923, 11077, 5430]",1. 希野2018早春新款??通勤??衫女?雅百搭?袖荷???空上衣; 2. 小香???高?鞋春季2018新款尖??鞋夏季小?新少女chic女鞋子,A. K姐自制 ???面? 30羊毛粗?人字??料?色可??排?大衣女; B. 撞色磨砂原宿小包包女2019秋冬新品潮?版百搭斜?包?肩小方包; C. achette雅氏4KK0 2018春夏款女鞋尖?高?短靴?子鞋; D. ??露娜???珍珠耳? 女式???款耳?新款ins耳??版耳?品; E. 性感露肩?接系?牛仔不??????衣裙; F. ins透明子母包包女2018新款???手提包女?物袋女包?美大包; G. ?都衣舍2019?版女?春?新款?接格子V???衫毛衣女HO9438?; H. 女包手提包2019新款??小黑包百搭?肩斜?包????迷?小包包; I. AOVO新款菱格小方包??牛皮?皮女包辣??肩斜?包小香?女包包; J. 2019??夏?新款???接棉麻露肩吊?沙?裙度假中?款?衣裙女,D,D,1,0.355704698,0.986577181,0.360544218,10,5,250,45,41,False
5811,370,3,D,"[30641, 17939]","[26309, 5991, 14371, 370, 7755, 23897, 30575, 29810, 13122, 18888]",1. AI 法式?古?雷帽 羊毛含量高?90% 秋冬女?家帽毛?南瓜帽子; 2. 九月陌墨 2019春秋新款女?中?休?毛?外套女 ?版?松?子大衣,A. 一脚?毛毛鞋女新款2018百搭?版高?外穿?人?毛豆豆鞋女冬加?; B. 精致迷?耳?超小耳?耳骨?女????百搭??爆款?性??耳?; C. 2019春季新款中?款碎花百褶黑色吊??衣裙女海?渡假无袖背心裙; D. 毛?破洞牛仔?女2018冬新款???瘦直筒??松休?九分乞??8; E. ?丁靴女日系2018新款秋冬?生?古?皮平底短靴森女系短筒大?鞋; F. 芭?蛋卷鞋女鞋2018新款?口?鞋女尖?平底?版百搭?色平底鞋; G. 【?二送一】宿本 ????衫2018秋冬新款?袖外套中?款女; H. ?圃原?S925??梅花?白玉髓耳?女?古??耳?超仙? 耳?; I. 秋季?丁靴女2018新款??短靴加?鞋女瘦瘦靴?版百搭尖?高?靴; J. 小宜定制 2018新款?版??大??全羊毛?面?大衣短款?外套,E,E,0,0.355704698,0.986577181,0.360544218,10,5,250,45,41,False
22376,24317,3,D,"[13625, 3391]","[8324, 9944, 25883, 24317, 11561, 12164, 15668, 17408, 21604, 13928]",1. 勿上??秋季?院??美女士系?休?透?鞋??小白鞋H14W8501; 2. 尼班?2018夏?新款女?上衣chic不???色?松短款短袖T恤女?,A. 毛衣女套?2018秋冬新款???松ins超火中?款?叉打底裙子?膝#; B. 棉服女2018新款冬?版?松棉?外套短款ins面包服加厚chic棉衣潮; C. 黑色牛仔?女?子2019新款加??瘦????版百搭小脚??身高腰; D. 小包包女2019新款?皮女包?版百搭斜?包菱格??包夏天迷?包潮; E. A7seven ?古格子?松中?款薄款防?衣外套女夏季?版大??衫潮; F. 安?森林 重工加厚高?毛衣女糖果麻花粗毛?加厚打底羊毛衫268; G. ?嘴凉鞋女夏季2018新款??百搭女士?皮鞋防水台??亮片高?鞋; H. 巴掌家?洲站2018秋冬新款重工白色毛???松?款?衣女?厚上衣; I. ???版?石大花?珍珠耳?女吊?耳??美????耳?金?耳圈; J. FFAN泛泛 一秒大?腿 牛仔短?女夏2018新款高腰毛??子 ?色入,J,J,0,0.355704698,0.986577181,0.360544218,10,5,250,45,41,False
12057,18154,4,E,"[22455, 14252]","[9482, 12568, 14650, 126, 18154, 25834, 19751, 8900, 6531, 6309]",1. ??春新款小?新小白鞋女平底原宿鞋系???女休?鞋潮H14W7110; 2. ?谷牛皮女包小香???包包女新款?肩斜?包迷?小包百搭小方包,A. ??短袖雪??衣裙女?洲站2018夏季新款??刺?收腰?瘦中?裙; B. 一?咸?fishstudio ?古格????瘦高腰直筒西??休??; C. ?都衣舍2019?版女夏新款印花???件套短袖裙子?衣裙YQ7164?; D. ??鞋子女2019新款春季英?方?平底?鞋小皮鞋女?版百搭?福鞋; E. 巴掌家?洲站亮片休??黑色束脚?九分?子女?夏季2018新款??; F. 碎花雪??衣裙夏季2018新款女松?腰荷??V??生?柔?sukol裙; G. ?美?秋季羊?皮水?方?粗?方?高??鞋女ZK714CQ7; H. 九月陌墨 2019夏季新款女??版雪??衣裙?件套女 中??松裙; I. 林珊珊 2018秋冬新款???????松休???瘦系????腿?; J. TATA/他?夏季方?休??福鞋女?鞋76569BM7,A,A,0,0.355704698,0.986577181,0.360544218,10,5,250,45,41,False
21615,15481,6,G,"[10493, 4919]","[6341, 16107, 1928, 13089, 13340, 24710, 15481, 22540, 18547, 18528]",1. HEYGIRL黑哥 黑色?腿?松休????女 ?版chic直筒??冬季; 2. ?洲站女鞋冬加??丁靴高?方?粗?短靴女及裸靴?皮??瘦瘦靴,A. 花花公子男鞋夏季男士透??面?鞋男休????步鞋男旅游鞋子男; B. K家2018夏?新款一字?T恤女短袖修身?瘦百搭黑色短款露肩上衣; C. 4.19 直播?享秒?】文??麻?袖T恤女棉麻刺??古上衣; D. 法式?典?雅 珍珠小露背粉色???裙 司凰?奢工作室; E. 逸?女?2018春季新款九分大??色?腿?生牛仔?女?松直筒0738; F. 刺?花系?喇叭袖修身荷???尾裙???衣裙; G. 小瑞?包菱格??包包女2019新款?皮手提?肩小包??百搭斜?包; H. 半曲???趾凉鞋女平底2019新款夏?脚沙?凉鞋女??波西米??; I. 透???刺?花?蝴蝶?雅高腰???衣裙; J. ?美彩色彩虹??毛衣女半高?打底衫秋季?松套?小?新?袖上衣,J,J,0,0.355704698,0.986577181,0.360544218,10,5,250,45,41,False
27102,9026,1,B,"[25797, 17743]","[30264, 9026, 8735, 18286, 13955, 4715, 13409, 12727, 15496, 7427]",1. shes?珍珠巴洛克?古?流??款耳?耳????性耳???耳?女; 2. 黑眼袋袋包包女士2019夏季新款?肩女包百搭ins斜?包??小包潮,A. 【it girl限量定制】?版?子A字裙女半身裙短裙2017冬季新款#; B. ADA MISS??廓形系?中?款???衫女早春2018新款?版?松外套; C. 沐?女包2019新款斜?包???版百搭潮?肩包撞色刺?休?手提包; D. ??shevennie??凉拖鞋平底鞋休?鞋子外穿女鞋 夏季2018新款特; E. ?洲站2019春季新款女鞋?皮高???鞋女休?百搭系?高?厚底鞋; F. 加厚款高?黑色打底衫女毛衣修身?身?袖??衫秋冬2019新款女?; G. FENDAS  INS超火的棉服女2019新款切??色???帽短款厚?外套; H. NDZ ?美?高腰?瘦包臀无?力??破洞水洗牛仔?腰???2018; I. 皮毛一?雪地靴女防水防滑2018冬新款?皮?外保暖?丁靴子百搭; J. BDCT 日系?古?接棒球外套男潮 春季港?潮牌工?撞色棒球服?克,F,F,0,0.355704698,0.986577181,0.360544218,10,5,250,45,41,False
14568,4849,4,E,"[23118, 30318]","[24956, 1273, 17860, 28039, 4849, 22345, 22095, 3408, 31, 13017]",1. 2件7折女鞋?皮厚底松?老?鞋女2019春新款??鞋百搭增高休?鞋; 2. ?古少女心金箔?克力耳?女?????款?性??耳?耳?R014,A. 【zz】淡水珍珠戒指女??流???珍珠戒指?口??中指戒指; B. 致我所?《?幻精?》法式少女超仙仙女裙??高腰?瘦吊??衣裙; C. 2019新款文?帆布包女?肩包????百搭手提包女士小?新帆布袋; D. 小谷粒 白色高腰短?女夏2018新款?版?瘦??bf?松a字休??子; E. 【MONA】?性范 ?穿套?毛衣女?松休????衫冬季加厚外套; F. 小番茄定制 2018春?新款字母印花短袖T恤?生?松白色???恤; G. HEFANG Jewelry/何方珠?海星耳? 925??女??大?耳?耳?品; H. 波??奇?皮小白鞋女2018新款厚底板鞋?版系?百搭??鞋41191; I. 衣?里拉2018秋?新款裙子性感露背??修身中裙???花?衣裙女; J. ?洛美?品 s925???色??珠流?耳?耳?女 ???款??耳?,B,B,0,0.355704698,0.986577181,0.360544218,10,5,250,45,41,False
19584,21822,8,I,"[3296, 5060]","[2558, 10660, 27753, 4091, 23831, 27565, 1106, 21826, 21822, 15814]",1. 【南?】黑色??小方包2018新款????女包?肩包斜?包小包包; 2. ???ibell秋冬季?版2018新款女修身中?款毛衣打底???衣裙,A. 秋冬新款水桶包女2018潮?版手提斜?百搭??大容量???肩包; B. 菲大大polo?心机裙子??感小香??衣裙???瘦直筒遮?小黑裙; C. 玩藥局.Bytehare.026?油?棍企?.??TEE男士撞色?肩袖情?T恤; D. 小白鞋女?皮厚底松?鞋?版百搭?人一脚??福鞋平底休??鞋女; E. 日着原???女?2018新款?腿牛仔?女直筒?女士黑色?松??; F. 九月陌墨 2019秋季新款女????帽撞色套?毛衣 ?松休; G. 香可可 名媛香? 秋?chic珍珠?古粗花?短外套2018新款??上衣; H. 皮毛一?雪地靴女2018冬季新款???增高保暖加?加厚底防水短筒; I. 2018新款平底短靴女切?西女靴子冬季棉鞋百搭裸靴???丁靴瘦瘦; J. ???子?品四?草???骨?短款黑色????choker?圈女??,J,J,0,0.355704698,0.986577181,0.360544218,10,5,250,45,41,False
11363,12577,2,C,"[15228, 29527]","[19334, 26240, 12577, 26636, 12086, 6146, 8314, 27542, 28558, 945]",1. 小瑞?包?色菱格包包女2019新款??百搭斜?包?肩包小包包女包; 2. JHXC ????套??衣女薄款?瘦2019春季新款?袖?版?松上衣,A. 不??背?裙?生?衣裙女可?新款2018?版?小女生搭配裙子秋冬; B. 2018春季新款女包??ulzzang小方包休?斜?包潮?古?肩包小包; C. 英??小皮鞋女粗?黑色2018新款秋季?院??古百搭?妹女鞋?鞋; D. 九月陌墨 2019秋季新款女?修身松?腰牛仔? 黑色百搭?身; E. GENANX??潮牌堆堆?毛衣男士?版?松不??下??花套???衫; F. 子晴?版直筒哈??女秋季2018新款?松休??高腰九分?; G. 毛????女式2018秋冬新款?松高腰初??腿?束脚九分休??子; H. 拉夏??2018新款休?字母印花白色??短袖上衣T恤女60005635; I. ???2019夏季新款pphome裙子ins超火T恤裙?松???衣裙女潮牌; J. 小谷粒皮?女秋季2018新款百搭高腰?腿?子??收腰?瘦休?短?,D,D,0,0.355704698,0.986577181,0.360544218,10,5,250,45,41,False
4880,23124,0,A,"[25685, 27114]","[23124, 5906, 1845, 3776, 12811, 20765, 9695, 15476, 14535, 18506]",1. 2018短裙女夏?色棉?半身裙高腰?瘦小?新??a字包臀裙chi裙子; 2. 沙?帽女巴拿?草帽遮?帽夏小?新海?海?帽太?帽度假防?帽子,A. ?球ins春季2019新款百搭小白鞋帆布鞋女?生?版ulzzang秋板鞋; B. 加?牛仔?女冬2018新款?版高腰?接九分百搭?子小脚加厚???; C. 安小落17冬新款文??松?面?子大衣中?款?新娃娃?毛?外套女; D. RLL 羊毛荷??修身?瘦??坑??尾裙???衣裙?裙（???）; E. ?洲站?雅??重工亮片??中袖?松?衣裙; F. ins超火的刺??心毛衣女2018秋冬新款??????松高???衫; G. 2018春新款?松?瘦磨白破洞牛仔?女九分?bf?乞??卷?哈??; H. 【S】2018夏季新蝴蝶?系??亮片刺?花?修身荷???衣裙; I. A21男?夏季黑色九分?子男潮流哈?休??男士??束脚潮牌; J. 小瑞?包 大五金?小方包女2019新款?美???肩?古斜?小包包,A,A,1,0.355704698,0.986577181,0.360544218,10,5,250,45,41,False
4704,10798,1,B,"[4277, 20501]","[17038, 10798, 14558, 3591, 23437, 26152, 9496, 29352, 28993, 29686]",1. 【南?】?古????包女??新款?肩包斜?包2019百搭包包女包; 2. 春?女?2019新款英???古修身中?款外套收腰百褶薄款?膝?衣,A. MG小象套??帽?衣女春季2019新款?版?性字母?生?松休?上衣; B. RAIZO 舒服的高?鞋尖???不磨脚2019新款春夏女性感百搭一字?; C. 糖力 夏?新款?美女?白色仙?流?露肩荷??吊??衣裙短裙; D. 羊毛?帽子女 赫本??美大?帽?帽 春秋冬天女士百搭?古?帽潮; E. 草帽女夏天可折?沙?帽子海?度假遮?防?帽休?百搭大?太?帽; F. 柒柒家 小?新心机2018夏新款雪?衫荷??露肩仙??上衣女超仙; G. ??家2018秋?新款原宿??松bf磨破系?撞色?帽牛仔外套女潮; H. 【特价】春季美式迷彩中?款?帽?衣街?潮流?松外套男?年大衣; I. 已下架; J. MG小象粉色大毛?棉服女2018新款?松?美小棉?冬季加厚保暖外套,D,D,0,0.355704698,0.986577181,0.360544218,10,5,250,45,41,False
21892,29683,3,D,"[17832, 10649]","[9958, 19860, 6434, 29683, 6804, 7655, 11832, 7983, 10129, 29682]",1. 2019款春ins超火的不??法式?古港味高腰半身裙?裙女秋冬裙子; 2. 妙?2018冬新款??粗?短靴女???力瘦瘦靴后系?加??丁靴女,A. 2019新款凡客?品帆布鞋高??典休?鞋布鞋女鞋?生情?黑色鞋子; B. 美?Jeffrey Campbell白色?美蝴蝶?平底舒适凉拖穆勒鞋夏季新款; C. 夏季?白???衫男?袖?版?松?仙的潮流??薄款?衣外套ins; D. ?可芮 限定版~植?格?荷?????袖?衫?版超仙?瘦上衣女春; E. Alice W花花家秋冬季新款毛?外套女2019流行大衣中?款?松紫色; F. iiJin/艾今官方 百搭新款小白鞋?增高女鞋夏季透?休?鞋AF271TQ; G. 雪??衫女2018春秋新款?袖?松?范?衣白色上衣心机?衫??感; H. ?夫帽女夏?版百搭?生日系遮?休???可??古潮流帽子女春秋; I. 明星同款刺?小蜜蜂小白鞋平底?皮系?百搭休???白色板鞋男女; J. 巴掌家?洲站重工中?款?貂?大衣女?冬季2018新款流行毛?外套,D,D,1,0.355704698,0.986577181,0.360544218,10,5,250,45,41,False
29651,26036,2,C,"[25466, 30641]","[23567, 15705, 26036, 6849, 15991, 11574, 12431, 29476, 2338, 29433]",1. 短靴女2019新款?版冬季平底?丁靴女加?英??厚底切?西?靴女; 2. AI 法式?古?雷帽 羊毛含量高?90% 秋冬女?家帽毛?南瓜帽子,A. ?都衣舍2019?版女?春?新款?件套A字格子?袖?衣裙OY7488?; B. ?都衣舍2018?版女?秋?新款?生字母?松套?潮?衣JW11446?; C. 【南?】牛皮?典??手提大包女2019新款秋冬包包?肩女包斜?包; D. AMH?版男?2018春季???衣??印花休??袖?衫男NX7106?; E. ?都衣舍2019春?新款女??版系?短款印花字母?衣裙DU8149?; F. ?帽拉?系?收腰?雅?瘦???短?; G. VEGA CHANG/2018秋冬新品?色?克外套皮毛一??接短外套女; H. ?美2019春秋季新款珍珠水?方???尖?鞋中?宴??口?鞋女鞋; I. 原点范2018秋季新款?排???格子收腰?衣女中?款休?外套022H; J. 高腰牛仔?女2019秋冬新款松?腰大?九分?子?mm?力?瘦小脚?,I,I,0,0.355704698,0.986577181,0.360544218,10,5,250,45,41,False
7466,15133,7,H,"[30641, 25576]","[28541, 8262, 5919, 19250, 4662, 19502, 21854, 15133, 21320, 7011]",1. AI 法式?古?雷帽 羊毛含量高?90% 秋冬女?家帽毛?南瓜帽子; 2. 棉服女2018新款?版?松中?款加厚羽?棉衣?生冬季面包ins外套,A. Fellala翡拉拉星星系列人造珍珠?口戒指女 ??指???食指戒指; B. STELLA LUNA春夏新款牛反毛??露趾????女凉鞋; C. LAOGUI老鬼原?中??小?腔????扇子包女士包手拿?宴包; D. 我??斯春季新款百搭?性奢?磨砂金色金?凹凸光面微??石耳?; E. 白色毛??女春季九分2019新款?松羊毛?腿哈??休?小脚?卜?; F. ?家RMOJUL 2018秋?女?新款 立?喇叭袖牛仔?尾?裙?衣裙SW; G. 波点雪??衣裙女?2019春秋?新款?版中?款?膝收腰?仙裙子夏; H. 冬季保暖雪地靴女2018新款?版?生百搭厚底棉鞋女靴加厚加?短靴; I. 2019?美vetiver?衫女仙女范蝴蝶?粉色?衣小?新可?白上衣春; J. Jewelry 高保色S925????超??心耳??石小巧精致耳?女??,H,H,1,0.355704698,0.986577181,0.360544218,10,5,250,45,41,False
19391,16507,7,H,"[19325, 4549]","[24570, 19032, 26523, 6952, 4025, 22697, 333, 16507, 7120, 4972]",1. GENANX??潮牌???男??收口秋季潮流休??男士??休?印花; 2. 邦?手表男士机械表全自?防水潮流新?念?生?皮?中?名牌男表,A. AIMIGAO?米高2018早秋新款 ?口尖??高??鞋套脚??女鞋子; B. ?已2018新款秋冬季粗?中?小皮鞋女?院英?漆皮日系???鞋子; C. ??家2018夏季新款?版名媛性感露肩??不????荷??上衣女; D. ?子矮?高短款?衣女生上衣?袖?松秋冬季外套2018新款收腰?帽; E. ?? 棉麻日系tote帆布包???文?女包???古?肩大包托特包; F. 套?高?毛衣女秋冬2018新款?版?松???羊??短款??衫?; G. omont蛋?家?古?院?百搭?色高腰牛仔半身裙女?生a字短裙夏季; H. GENANX??潮牌低?板鞋套脚一脚??哈??英?休??年潮松?鞋; I. ?本家原?925???14K金????耳?眼?耳?公主?日本?珠?; J. ?都衣舍2018?版女?春新款露肩?松打底衫?袖刺?T恤AA8600玎,H,H,1,0.355704698,0.986577181,0.360544218,10,5,250,45,41,False
1718,2855,4,E,"[13625, 8839]","[23826, 19503, 23880, 15350, 2855, 3517, 6996, 20334, 10534, 4571]",1. 勿上??秋季?院??美女士系?休?透?鞋??小白鞋H14W8501; 2. 艾特逆光女?夏季中?款黑色短袖t恤女2019新款?松?版?生上衣,A. ?格秋季2018新款??皮?星星小?鞋??鞋休???鞋; B. LMTNZD夏季新款男士短袖T恤 ???口袋?版?松休?潮流?棉上衣; C. 云无?原?棉麻民族男士?衣中?款外套春秋大衣披?男【?旗】; D. ?帽外套女薄款2018秋?新款潮牌撞色?哈棒球服?生休????衫; E. ZENGLIU小?圈耳?女??短耳???百搭??耳?冷淡???耳?; F. 西西里男?春季?松假日休??古港?chic?衫??棉?上衣男?版; G. ??冬款小?新系?女士休?鞋平??鞋?年高?鞋H91W7411; H. 花栗鼠小姐 2019秋冬新品 穿上心情好~ 彩虹??????衫打底衫; I. 花栗鼠小姐 夏季女?仙??上衣?美小?新v??瘦荷??文??衫; J. 早秋????衣女中?款薄款松松??上衣?帽?松?款?衣裙?膝,J,J,0,0.355704698,0.986577181,0.360544218,10,5,250,45,41,False
13526,30641,1,B,"[30341, 26184]","[23639, 30641, 26552, 12635, 9251, 11250, 28642, 6543, 30359, 22134]",1. A7seven ?松??厚???套?毛衣女冬季?版?生大??瘦??衫; 2. 系??丁靴女英??粗?2018秋冬新款??百搭?瘦短靴女中??靴,A. SSQ2018春季新款文??古牛仔背??直筒牛仔?女九分?孤品; B. AI 法式?古?雷帽 羊毛含量高?90% 秋冬女?家帽毛?南瓜帽子; C. 2019潮鞋春款夏款春季高?帆布鞋女鞋子?版布鞋?生板鞋小白鞋女; D. ?都衣舍2018新款女?春??版修身?瘦小脚??牛仔??RW7656?; E. 2018秋冬新款?色?莉包?枝???牛皮迷???手提?肩?皮女包; F. ONE MORE2018春?新款破洞牛仔?女?松直筒牛仔??版bf??子; G. ?原秋季2018新款女民族?半身裙刺?花?百搭a字裙高腰?古短裙; H. 九月陌墨 2018秋冬新款女?羊羔毛?合外套 ?版?松休?上衣女; I. Converse匡威1970s三星?白色高?低?男女帆布鞋162056C 162065C; J. 2018秋冬新款chic高?打底上衣 ?版修身百搭套???衫女?袖秋,D,D,0,0.355704698,0.986577181,0.360544218,10,5,250,45,41,False
27147,24880,2,C,"[1059, 8603]","[14409, 6533, 24880, 498, 5527, 23932, 2313, 12489, 11260, 29255]",1. XIAOYOUBAG迷?夏天小包包女2019新款上新??斜?小包女包百搭潮; 2. 赫本?大?拉菲草帽子女夏天沙?度假海?太?帽小?新防?遮?帽,A. ?版中?粗?短靴女后拉?及?靴?面切?西靴秋冬新款方??丁靴; B. ?夫人CHINSTUDIO港?圈圈chic?羊羔毛外套女秋冬?短毛茸茸上衣; C. ?凡黎2018夏季新款?版chic中?款小?新裙子碎花雪??衣裙; D. 小瑞?包格?枕?包斜?包包女2018新款手提包?肩??百搭小包包; E. minelli??金色露趾??凉鞋 夏季新品?美羊皮一字?高?鞋; F. 海星家少女心皮鞋2019春夏新款文??口方?蝴蝶?牛皮平底?鞋女; G. 衣舒?白色雪??衣裙2019新款夏??洲站中?款???尾裙子??; H. KISSCAT接吻猫新款女包 ?皮小方包??流?斜?包女DB875X2-56; I. ARMANI阿?尼正品手表女款??潮流防水珍珠?母女士手表AR1958; J. 鞋子女秋季2018新款休???鞋女?版老?鞋厚底丑鞋百搭?生女鞋,C,C,1,0.355704698,0.986577181,0.360544218,10,5,250,45,41,False
18918,10169,3,D,"[17457, 3319]","[26401, 26947, 11495, 10169, 4500, 25113, 10694, 28642, 22648, 27554]",1. Mell ??斯人像 小?法式不??耳??女无耳洞高???感??; 2. 鞋子女2019早春新款?服尖????面粗?透明高?鞋百搭?鞋婚鞋,A. 凉鞋女?生夏2018新款百搭?版粗?一字包????穿?古??凉拖; B. MG小象2018冬季新款女巫帽棉服女?版修身面包服?院?小?子棉?; C. Lily夏新款女??字字母V?短袖??T恤117219B8936; D. VNOOK2018春秋新款 超好穿 休?百搭高腰?色?褶直筒九分西? 女; E. ZENGLIU冷淡?chic手?女???版?生森系?蜜??ins??手?品; F. ????可??色小?迷?耳?女925?????性?美小?新耳?; G. MALI/2018秋冬新款 小?特?款羊毛廓形?面??大衣+?巾; H. ?原秋季2018新款女民族?半身裙刺?花?百搭a字裙高腰?古短裙; I. ??印花字母?叉短袖套?T恤女?生夏季新款?版半袖上衣女?潮; J. 第二件半价原?春秋直筒?女 不??高腰文?牛仔?棉布??8768,E,E,0,0.355704698,0.986577181,0.360544218,10,5,250,45,41,False
2024,6332,1,B,"[26446, 24847]","[25498, 6332, 11304, 10602, 15515, 9764, 17030, 14398, 21350, 14275]",1. 沐?包包女2019新款潮?版百搭斜?包???肩小包??手提包女包; 2. ??露娜???珍珠耳? 女式???款耳?新款ins耳??版耳?品,A. 毛?外套女小?子短款2018冬季新款?版?生森系粉色?子?大衣潮; B. 2018秋季新款女??版中?款?袖假?件木耳?修身?瘦黑色?衣裙; C. YUBUER2019新款?版?生百褶半身裙短?女春短裙A字裙?件套?裙; D. GXG男? 2018夏季商?同款黑色短袖POLO衫??T恤男#182224306; E. ?家牛仔 春季新款?色磨白牛仔?女?松?卜?中腰哈?????; F. 柒柒家新款春季港??松百搭印花?像ins同款潮人t恤上衣女2019; G. LOSEA ?毛??包包女2018新款??小方包女包百搭?肩斜?小包女; H. 高?拖鞋女夏2019新款??百搭穆勒鞋??尖???半包?凉拖外穿; I. ???2019春?新款??印花?松高腰原宿社?束脚哈??女休??; J. SXF?希梵男士?衣 套?2019春秋新款外衣??刺?外套潮牌?衣男,B,B,1,0.355704698,0.986577181,0.360544218,10,5,250,45,41,False
16090,8394,7,H,"[11858, 22455]","[27939, 10491, 21225, 3068, 3241, 5936, 21514, 8394, 5593, 25892]",1. 施?洛世奇GIRLFRIEND手?女款 ????可?手?首?配?; 2. ??春新款小?新小白鞋女平底原宿鞋系???女休?鞋潮H14W7110,A. 金美希2018冬季??色牛仔??女?性?瘦小脚?修身九分?83098; B. 百?局 |【??系列】原????????接打底休??古?身?女; C. FENDAS 小香?修身?瘦包臀?袖??裙高腰?衣裙2019女秋?新款; D. 回力帆布鞋女鞋厚底小白鞋春季女2017新款?版夏季?生鞋秋季板鞋; E. ?美?古?性??超仙耳?女?款?????何?方形?球耳?耳?; F. 夏季女?短袖?迪?哈上衣女生酷酷的衣服?蜜?原宿bf???t恤; G. 衣服2018新款chic上衣女春 ?版?松百搭bf原宿?白色ins同款t恤; H. ?安系列?柔少女星星月亮耳??妹日常百搭微??石耳?耳?R877; I. 2018夏季新款ronron自制雪?衫 超仙无袖漏?骨?瘦洋???上衣T; J. 春?女?2019新款雪?修身?裙??收腰裙子?袖中?款粉色?衣裙,E,E,0,0.355704698,0.986577181,0.360544218,10,5,250,45,41,False
26392,21583,6,G,"[17040, 30318]","[16592, 8211, 30279, 29072, 446, 16160, 21583, 13156, 27160, 8069]",1. 春?2019新款女?薄外套流行中?款?膝waitmore????色?衣女; 2. ?古少女心金箔?克力耳?女?????款?性??耳?耳?R014,A. EEKE Studio ?雪花Choker?圈??吊???短款????女?骨?; B. 斜?包包女包2019新款小ck夏季?感??百搭小香?????小黑包; C. Tata/他?夏羊皮水?一字?休?坡?凉鞋女厚底??S2A08BL8; D. ?古香奈?; E. ??放 2019新款???修身v??款打底裙子???袖?衣裙女秋冬; F. ???2018夏?新款???接撞色无袖打底背心裙潮修身?瘦?衣裙; G. 高?鞋女??春季2019新款?版百搭黑色性感蝴蝶?尖?超?口?鞋; H. 唐?同款包包2017新款夏季女?版百搭斜?包迷?小包手提包?肩包; I. 女鞋子2019春季?步鞋?底春款黑色?版百搭新款?增高休???鞋; J. 2019新款???机大耳????性??女潮??耳???耳?无耳洞,B,B,0,0.355704698,0.986577181,0.360544218,10,5,250,45,41,False
24839,15898,6,G,"[15481, 15918]","[14130, 22303, 25962, 648, 11274, 24729, 15898, 25486, 25453, 15704]",1. 小瑞?包菱格??包包女2019新款?皮手提?肩小包??百搭斜?包; 2. 一力米灰2018秋冬季新款英???切?西短筒裸靴子高粗??丁靴女,A. &amp;[A605071] 笑涵? 美貌文??！?廷?一字?喇叭袖??套?衫; B. 2018夏秋季新款?皮粗?凉拖水?方?高?鞋拖鞋一字拖中?女鞋子; C. A7seven ?古???松中?款?叉七分袖T恤女2018春夏?版?衣裙; D. ［??不退不?］12月12?0点上 99元福利 平底穆勒鞋; E. 素兮??淡水珍珠耳???耳?女?款???????性百搭耳?品; F. Artmi阿特密包包女2018新款??斜?小包休??版???肩包; G. AI 2019??周黑?海?帽?童帽 帽子女秋冬?美?雷帽百搭?舌帽; H. ?客JM EQT ADV ?黑白粉武士 男女休? ?步鞋 BA7719 BB0543 FY; I. ?夫人CHINSTUDIO 高腰百褶裙?古格子半身裙女秋冬?瘦A字短裙子; J. 2018春秋新款粉色棒球服撞色印花?克外套女短款?松bf???女?,I,I,0,0.355704698,0.986577181,0.360544218,10,5,250,45,41,False
26759,4887,6,G,"[13625, 18718]","[18239, 20452, 9253, 25848, 1185, 27517, 4887, 4031, 26525, 9940]",1. 勿上??秋季?院??美女士系?休?透?鞋??小白鞋H14W8501; 2. XIAOYOUBAG牛皮戴妃包女2018新款迷?手提包女小包包????巾包,A. 秋水伊人冬?新品女?西??大衣羊毛直筒中?款休?毛?外套女; B. 南瓜谷 ???衣裙女夏无袖小?新?瘦??中?裙2018新款 L283; C. ONE MORE文墨新品袖部提花上衣女式?袖黑色印花??套??衣短款; D. 傲?粗???凉鞋女夏2018新款百搭中?露趾女鞋一字?????鞋; E. 施?洛世奇正品choker黑色束????圈多用手????? 5279165; F. 一力米灰2019春季新款方?小香??色?口百搭?皮低?平底?鞋女; G. 雪??衫女仙?超仙?瘦喇叭袖?版荷??打底娃娃衫洋?仙女上衣; H. 2019春季新款女鞋?展防水台高?鞋??鞋子粗?船鞋女米白色?鞋; I. ?美大牌走秀法式同款celi26字母耳圈金???耳?ALPHABET金色; J. 毛毛鞋女冬豆豆鞋2018新款百搭?版?人一脚?方?加??鞋女粗?,A,A,0,0.355704698,0.986577181,0.360544218,10,5,250,45,41,False
3684,1003,5,F,"[4549, 13638]","[19867, 30921, 26203, 28794, 20345, 1003, 29737, 22778, 4978, 31119]",1. 邦?手表男士机械表全自?防水潮流新?念?生?皮?中?名牌男表; 2. 男道春季新款?事?多口袋?衣男美式休??袖工??衫休?外套潮,A. 小瑞?包 ?形???古小方包2018新款女包??百搭?肩斜?小包; B. ?衣裙女秋?2018新款?版中?款背心裙春秋?袖牛仔外套?件套裙; C. millie's/妙?夏季???松?底一字?凉鞋女LGS14BL7; D. 小瑞?包 ??小方包包女2019新款???古??包斜?包迷?小包; E. VEGA CHANG?衫女?袖2019春秋新款?版毛??松上衣格子毛??衣; F. 小白鞋男?版百搭潮流春季男鞋子潮?增高白色板鞋男休???白鞋; G. 2017新款秋季百搭?版?生高?鞋女黑色英???休?厚底松?鞋潮; H. chic?帽子女夏?夫帽子女百搭??棉麻可折?大?遮?盆帽太?帽; I. 孜索2019春季新款白色打底毛衣女修身?瘦V?上衣?袖打底??衫; J. 娜娜日?2018秋?新款女??生?松背??休??女??子?瘦秒】,F,F,1,0.355704698,0.986577181,0.360544218,10,5,250,45,41,False
20472,11158,8,I,"[12625, 13625]","[17051, 3827, 22054, 23549, 19115, 16572, 7878, 25160, 11158, 1199]",1. 【GP??正品】MLB棒球帽春夏??款NY?舌帽男女白黑色??帽子; 2. 勿上??秋季?院??美女士系?休?透?鞋??小白鞋H14W8501,A. ins超火女包2018新款手掌??金?莉包??百搭手提包斜??肩包; B. ??大包包女2018新款潮?版百搭斜?包菱格???肩手拿大信封包; C. 冬季新款高?毛衣女?生套?修身?瘦打底衫假?件?接??衫上衣; D. 小?人??小?古七彩扇形流?S925??耳??款耳???配?女款; E. 透明小包包夏季女式?生洋?百搭?肩斜??射可?少女水桶女包; F. 徐琳mini 背?裙夏季2018新款A字?裙?古?院?吊?格子?衣裙女; G. 九月陌墨 2018秋冬新款女??芯?文??款?衫 ?古休??松?衣; H. GIRL家女鞋尖??鞋?色亮片中??鞋?版猫??口套脚女?鞋4CM; I. ?都衣舍2018秋?新款女??版加?加厚打底?袖?衣裙IG8200僥; J. ◆SRK◆2018早春新款??半身裙修身??叉一步裙中?款包臀裙女,F,F,0,0.355704698,0.986577181,0.360544218,10,5,250,45,41,False
22161,30641,3,D,"[17703, 25332]","[632, 3935, 12335, 30641, 21081, 22610, 22116, 19518, 12323, 4954]",1. 制造后花?*The favourite系列?立??假?件天使?人造皮?衣裙; 2. 妙?2018秋冬新款英???系??丁靴女ins?古?瘦平底加?短靴,A. 透明果?大包包女2018新款夏天潮?版百搭斜??肩包??手提包; B. 2018新款春?t恤女打底衫短袖百搭?松??原宿??版?生半袖潮; C. ?谷牛皮女包2019新款潮?版????手提包百搭?性戴妃包大包包; D. AI 法式?古?雷帽 羊毛含量高?90% 秋冬女?家帽毛?南瓜帽子; E. BDCT ?美街?字母印花短袖T恤 夏季?年情??松?哈潮流半袖tee; F. 加??帽?衣秋冬?2018新款女?袖?版?松?瘦套?字母刺?外套; G. ??特价?力短靴女?季??款不退不?; H. 厚底坡?凉鞋女2018新款高?夏季防水台?版?瘦百搭?增高?嘴鞋; I. 亮片帽子女防??版潮休?百搭棒球帽春夏??夏季??舌帽遮?帽; J. 925??日?版??????五角星耳?女款?何?性耳?流行耳?,D,D,1,0.355704698,0.986577181,0.360544218,10,5,250,45,41,False
6256,3296,0,A,"[8553, 10484]","[3296, 30666, 22241, 831, 13470, 9078, 9124, 29189, 28818, 5307]",1. 步履不停??下???松?腰百褶裙 41642; 2. 靴子女2018新款秋冬chic?丁靴女英??短靴?生平底?版?古百搭,A. 【南?】黑色??小方包2018新款????女包?肩包斜?包小包包; B. 九月陌墨 2019夏季新款女??版?帽牛仔?衣裙女 中?休?百搭; C. BJHG夏季?美街??色?松立?多口袋工?短?潮男休???五分?; D. AMBOSC 2018冬季新品 ?古高腰丹?色?典??卷??腿直筒牛仔?; E. 【?用】ASSC 新款??潮流 ?? ?志?同款?舌帽 棒球帽; F. edacity超火?子女 百搭2018秋冬新款?版?瘦直筒?身小脚牛仔?; G. 首瑞正品??金女士手表女?皮?女表防水??款女潮流休?石英表; H. ?版糖果色可?不?????色耳?女?机小?小熊蝴蝶?星星耳?; I. 小?2018新款可??美粉色?角?加?字母印花?衣女?袖?生; J. MG小象?克女?袖秋季外套?松bf???外衣2018新款?生短款上衣,I,I,0,0.355704698,0.986577181,0.360544218,10,5,250,45,41,False
6683,1573,8,I,"[26783, 31161]","[556, 10210, 3342, 25760, 11926, 20654, 11147, 7217, 1573, 21748]",1. ?家RMOJUL 2018夏?女?新款 ?雅?色修身?尾裙?衣裙+斗?SW; 2. ??2018年夏季新款小?新粗?女士凉鞋一字??高?鞋女H56W8640,A. STELLA LUNA女鞋春夏??鞋子女??超高?蝴蝶??鞋SG333F01099; B. ?皮水貂毛厚底加?豆豆女黑色冬款新品2018磨砂牛皮松?底毛毛鞋; C. ???2019夏?新款?美印花休?外穿?松背心女雪?无袖T恤上衣; D. ?鞋女2019春款高?5cm??法式尖?????百搭仙女??鞋中?; E. 初???微?牛仔?女春秋季?版?瘦小脚修身???潮黑色??子; F. Ipanema拖鞋女外穿??人字拖鞋??凉拖鞋平底沙?鞋ins潮凉拖女; G. 超?手工??拉菲草帽女夏??海?度假大?沙?帽子蝴蝶?遮?帽; H. 秋冬?女2018新款?版chic港?加?加厚羊羔毛?帽千?格短款外套; I. 女包半月包潮牛皮??手提包月亮包包半?斜?包迷?小包女?肩包; J. ?院?小?新?松?帽??鹿印花中?款外套女上衣春?休??衣女,I,I,1,0.355704698,0.986577181,0.360544218,10,5,250,45,41,False
20769,15481,4,E,"[28048, 17673]","[12129, 28232, 1614, 7931, 15481, 309, 15780, 23732, 9388, 30221]",1. 花栗鼠小姐 chic早秋上衣?瘦?古?搭修身?叉?????打底衫; 2. 限?7.5折 初秋女?新款2019?格?小?松垂感百搭灰色哈??,A. 【QC】亮片猫?落肩喇叭袖?松?接?衣裙k; B. TATA他?秋?古小V口皮????珍鞋女?鞋FCI01CQ7; C. 草?包2018新款???空女手提半?形手工??旅游度假沙?包; D. 漆皮???斜?包小方包 ??包??大??肩女2019新款百搭??; E. 小瑞?包菱格??包包女2019新款?皮手提?肩小包??百搭斜?包; F. 陌上猫原?美?14K包金珍珠耳?短款圈圈耳???防?敏耳?品; G. 【林大陌】?量~2019春新款英??院?女鞋?皮?古ins小皮鞋?鞋; H. 【?夫人】CHINSTUDIO定制 腔???款 ??海洋??????半裙; I. contourlines【半糖】2019新款牛皮?毛牛皮??包斜?小?包女包; J. ??高?鞋女2019春季新款?版百搭婚鞋黑色尖??口?色?鞋5cm,B,B,0,0.355704698,0.986577181,0.360544218,10,5,250,45,41,False
16935,4549,3,D,"[14066, 25912]","[17054, 2342, 19402, 4549, 29917, 12182, 24128, 14974, 1709, 21389]",1. BDCT 美式?古潮男字母刺?束脚?? 撞色?接???年休?哈??; 2. 首?的米家★VANS AUTHENTIC男鞋女鞋灰色黑?滑板鞋VN0A38ENMR6,A. 2018流行包包小?特?原?意???森林系小包斜?包秋冬可??包; B. 2018新款短靴平底高?鞋?版百搭??瘦瘦女靴冬季?丁靴粗?靴子; C. MG小象娃娃??袖?衣裙女中?款2018秋?新款?松?古?生裙子潮; D. 邦?手表男士机械表全自?防水潮流新?念?生?皮?中?名牌男表; E. ◆SRK◆?皮??荷??中?款蛋?裙?色高腰方?吊??衣裙女; F. 迷?小包包女2019上新款潮?版夏季?肩斜?包百搭ins??小方包; G. 艾丹??皮女包???手提包大容量女包包2019新款??百搭斜?包; H. 阿希哥同款新款手提包袋水貂毛皮草手?包手袋包包女士手拿包B897; I. 花?裳/岸芷汀?/?古淑女修身?芯??花?袖?衣裙2017秋冬新款; J. MG小象牛仔?女秋季2018新款?版高腰chic直筒?不??九分?子潮,D,D,1,0.355704698,0.986577181,0.360544218,10,5,250,45,41,False
10658,30985,2,C,"[19778, 23359, 24847]","[11106, 3066, 30985, 6479, 18282, 23688, 5029, 22175, 14071, 12591]",1. 小立??衫女?袖雪?百搭心机木耳???淑女??感荷??上衣潮; 2. 啄木?新款潮流女手提包??女包大包十字?休??版?肩斜?女包; 3. ??露娜???珍珠耳? 女式???款耳?新款ins耳??版耳?品,A. LUKECSION社交女鞋秋?皮?口?鞋女中?裸色漆皮尖?高?鞋??; B. UGG女士夏季凉鞋平底??流?露趾拖 1015053（CF）; C. 原?春夏性感包臀黑色?瘦OL高腰不??荷???尾半身裙中?款女; D. 【X】miuco2018春夏女???亮片收腰上衣+??吊??衣裙?件套; E. 浮笙/文?范小?新?松?瘦?衣裙夏季新款?古?衣裙3; F. 九月陌墨 2019夏季新款女?刺?短袖雪??衣裙女 中?休??瘦裙; G. 戎美【CY0304029】本季力? 利落高?感 桑???衫; H. ?美sam edelman女鞋2019夏季新款一字?凉鞋?皮露趾百搭高?鞋; I. 七十二?短袖???衫女2018夏新款?范?松?瘦?衣??上衣潮; J. 七七家 2018冬季新款高?帆布鞋女加?保暖二棉鞋女百搭?生?版,C,C,1,0.355704698,0.986577181,0.360544218,10,5,250,45,41,False
18884,16507,3,D,"[4549, 581]","[29717, 16554, 9151, 16507, 13575, 14943, 5001, 13164, 25718, 1282]",1. 邦?手表男士机械表全自?防水潮流新?念?生?皮?中?名牌男表; 2. GENANX??潮牌?衣男?松?版潮流?帽?衣套?男?色印花?春,A. 白色??高?鞋2018春秋季新款?皮女式皮鞋??面??口尖??鞋; B. ?美名媛??2018新款女?夏?短袖高腰印花大?裙?衣裙中?款潮; C. betu/百?2017冬季新品?版西???袖毛?外套大衣女1711T45; D. GENANX??潮牌低?板鞋套脚一脚??哈??英?休??年潮松?鞋; E. ???女士手表机械表防水?皮?女表??潮流大?夜光名牌手表女; F. 素?925?????女士耳????性大?耳??款耳?冷淡?耳?; G. 小瑞?包??半?包包女2018新款????斜?包手提包?肩小包潮; H. 【?前】十木米原?旅行文?范2019夏款民族??麻?衣裙袍子; I. 冬季?版2018流行?色格子毛?外套女中?款?松?生?子大衣秋冬; J. 升?版?枝???牛皮?金包手提包女大容量手提迷?休???女包,D,D,1,0.355704698,0.986577181,0.360544218,10,5,250,45,41,False
23882,30423,2,C,"[11690, 17457]","[25632, 8361, 30423, 1311, 13942, 19647, 12755, 15845, 11589, 26846]",1. 邪?先生修?日系?色棉麻八角帽子女夏季文??家?古???童帽; 2. Mell ??斯人像 小?法式不??耳??女无耳洞高???感??,A. ??流?孔雀羽毛耳?女?古?款超仙耳?民族?耳?防?敏?品潮; B. xcollection19新品??女人?耀尖??高?鞋chic?口?鞋10cm; C. 【??促?】【春秋款??】宿本格子?衣; D. 冬季新品加厚??短款打底毛衣?松全山羊?衫直筒??衫女; E. XIAOYOUBAG????包女2018新款?面小方包百搭夏天小包包斜?包; F. 2018夏?新款女? 小?新喇叭袖心机上衣小衫chic??衫女夏超仙; G. 冬上新小包包女2019新款潮?版百搭斜?包高?感??手提包小方包; H. 范智? 春?2018新款??女神范衣服?古???衣裙女中?款裙子; I. MG小象中?款chic毛?外套2018冬季女?新款?美??松?子大衣潮; J. 潘司?女鞋?美??紫色胎牛皮防水台超高??拉?深口鞋???鞋,F,F,0,0.355704698,0.986577181,0.360544218,10,5,250,45,41,False
25286,15871,1,B,"[15481, 106]","[11457, 15871, 15970, 17709, 14735, 15781, 20944, 9213, 9769, 9622]",1. 小瑞?包菱格??包包女2019新款?皮手提?肩小包??百搭斜?包; 2. MG小象?古毛?外套女冬季新款中?款??感?院????膝?大衣,A. 加?牛仔?女秋冬季2018新款???修身?瘦黑色?身九分小脚?子; B. Mell梨花 ?脂耳???女无耳洞 ??仙ins??小?; C. 娜娜日?2019春?新款女?上衣V?毛衣?松套??色毛??衫?; D. 2019春新款百搭??女鞋??珍?鞋?皮芭?舞鞋珍珠蝴蝶?平底鞋; E. 女?秋?2018新款??毛?衣潮 ?版?妹可?毛衣女?衫外套秋冬; F. 中?短靴女后拉?尖?小?女靴2018冬季新款?丁靴女??裸靴?靴; G. BDCT自制 潮牌?古字母印花T恤夏天?美街?潮流?棉?恤短袖男潮; H. 2019春季新款?皮厚底小白鞋女?版原宿ulzzang百搭街拍??板鞋; I. 2019夏?新款女???名媛V???荷?袖裸粉色收腰大??衣裙; J. TASHUO包包女2018新款??草?包??水桶包?肩斜?包夏天小包包,F,F,0,0.355704698,0.986577181,0.360544218,10,5,250,45,41,False
9716,30041,5,F,"[26132, 24847]","[1656, 2160, 1438, 13510, 12328, 30041, 6635, 22816, 17821, 17255]",1. 小瑞?包迷??莉包包女2019新款百搭手提包?肩斜?夏天小包包潮; 2. ??露娜???珍珠耳? 女式???款耳?新款ins耳??版耳?品,A. JHXC 高腰加厚休????女九分2018秋冬新款?松?版?生哈??; B. STELLA LUNA夏季新款??露趾??凉鞋金??一字?平?女凉鞋; C. ?社交女鞋酒?色流??古厚底?福小皮鞋??英??鞋女新款夏; D. 2019女夏新款露背吊??衣裙巴厘??色沙?裙子泰?海?度假?裙; E. premier??正品MONSTER毛?帽 ?哈??帽字母刺?情?帽子; F. 伊芙?2019夏?新款?版中?款裙子高腰雪?V?短袖碎花?衣裙女; G. ZAN原?半身裙秋女 2018新款 中?款?棉裙半身 文??古裙可定制; H. 法式?古裙子2019新款春季女??色收腰中?款?衣???衫?衣裙; I. MG小象?松高腰牛仔?女冬季新款?性chic直筒??生?松?古?子; J. 四?草??女?骨潮??金百搭??大方夏季??太?不掉色chic,J,J,0,0.355704698,0.986577181,0.360544218,10,5,250,45,41,False
19565,30641,3,D,"[25447, 13267]","[10819, 3654, 10548, 30641, 28594, 1463, 5364, 8035, 19901, 22041]",1. 斜?包包女2019新款??ins超火包百搭?肩手提包?版?差包女潮; 2. 皮衣也可以?仙美羊皮棒球?克外套春女2019新款春天家Z110,A. 阿迪?斯男鞋2019新款阿?法小椰子Bounce?步鞋??鞋B42652; B. 哈森 夏季羊皮女鞋 方?粗??鞋交叉?后空凉鞋HM81413; C. HOWL2017秋冬 棕色A字?皮毛??接口袋迷?半裙  SK979; D. AI 法式?古?雷帽 羊毛含量高?90% 秋冬女?家帽毛?南瓜帽子; E. 裙子秋女2018新款ins超火的半身裙秋冬?古chic中?款??包臀裙; F. NIKE 耐克 功能布料 Dri-Fit 透? 高端系列 棒球帽帽子 黑白; G. 2019新款?麻半身裙中?款a字裙秋?色a型文?百褶裙棉麻百搭?瘦; H. 秋季??女鞋2018新款??鞋女?版鞋子ulzzang原宿老?百搭?生; I. ?家RMOJUL 2018春女?新款 ????袖???牛仔假?件?衣裙SW; J. 金美希2017冬季新品?叉高?中?款?口黑色??毛衣女套BNM73810,B,B,0,0.355704698,0.986577181,0.360544218,10,5,250,45,41,False
3900,15936,8,I,"[20089, 30641]","[1016, 2680, 15439, 18770, 579, 13213, 24767, 9011, 15936, 24401]",1. 鞋大?2019春新款阿希哥同款?古?皮系?小皮鞋女英?牛津鞋?鞋; 2. AI 法式?古?雷帽 羊毛含量高?90% 秋冬女?家帽毛?南瓜帽子,A. 百?蝴蝶??鞋春季新款方?女鞋大?生高?鞋小?新粗??鞋女; B. St&amp;Sat/星期六春秋新商?同款??尖??鞋女粗?SS81114580; C. fed2018春季新款???格凉鞋 ?雪迎同款一字?羊皮女鞋1888282; D. ????珍珠耳?女七彩?珠耳?耳?首?品配???耳?????; E. Dickies男鞋高?帆布鞋男秋季休?鞋子男士?版潮流平底?生板鞋; F. 字母白色ins同款短袖t恤女士chic早春?2018新款?范百搭半袖上衣; G. ??水?皮??中?粗??鞋女2018新款秋百搭蝴蝶?尖?高?鞋女; H. 法式少女中?裙女2018春?夏新款?版小?新碎花雪?套?裙?件套; I. 哈果超人 百褶???尾裙半身裙女?高腰 中?款秋冬褶??松?腰; J. 范智? 修身V???衫女套??袖秋季薄款上衣?版毛衣外套,J,J,0,0.355704698,0.986577181,0.360544218,10,5,250,45,41,False
3931,8591,3,D,"[22128, 15228]","[7238, 4065, 25006, 8591, 10217, 14291, 29829, 6960, 10583, 13846]",1. 梅子熟了 ?搭???衣裙女?膝半高?毛衣裙中?款2018秋冬新款; 2. 小瑞?包?色菱格包包女2019新款??百搭斜?包?肩包小包包女包,A. 小? 阿?巴斯羊? 百搭腰?中?款保暖???衫女2019新款春秋; B. 勿上??2018年春新款小?新系?女士休?鞋深口小白鞋潮H13W8128; C. 希野2018新款?廷?古港味白色露肩性感V?漏?骨?衫女上衣; D. 帽子女秋冬?雷帽女?版日系百搭?家帽女 毛?帽八角帽南瓜帽子; E. ?美?丁靴女2018新款??白色高???小方?裸靴水晶酒杯?短靴; F. BJHG春季?美街?OVERSIZE?松?色??袖情??帽套??衣男外套; G. ?景亦 冬季新款?版?松哈??女高腰休???卜??瘦小脚?子; H. XC ?暖冬季CP 加?高腰chic?腿??松米白色牛仔?女九分哈??; I. 2018春?女?新款高腰?瘦休??女?色短?????a字?腿?子; J. 【西木汀】小???包包女2019新款?肩?色?鞍包?肩?斜?小包,D,D,1,0.355704698,0.986577181,0.360544218,10,5,250,45,41,False
4723,28597,7,H,"[21413, 3296]","[21664, 5301, 3024, 23509, 24554, 19324, 10309, 28597, 760, 14113]",1. 加?牛仔?女秋冬新款??脚口?叉?身高腰?瘦小脚???子#; 2. 【南?】黑色??小方包2018新款????女包?肩包斜?包小包包,A. TASHUO包包女2018新款ins?色??小方包?美??百搭?肩斜?包; B. IAMC定制 暗黑?多裁片?接抹胸外穿一片式无肩?文胸?胸女夏潮; C. 巴掌家?洲站?松套??色印花毛衣女???衫上衣春?2019新款潮; D. 2018夏季日系余文?潮牌工?短?男?松男士休?五分?多口袋; E. 淑女??2019春季新款?接波浪??印花?衣裙花色V?高腰蛋?裙; F. 娜娜日?2018夏?新款女?白色上衣印花?松?瘦短袖?版T恤潮琮; G. 小鹿要?新款?色??包臀裙女夏chic裙子?生修身?瘦高腰半身裙; H. 2018新款?版?生?松??同款?水貂?chic毛茸茸短款外套女秋冬; I. 哈森2018夏季新款羊反?水?中?穆勒鞋 粗?拖鞋外穿女夏HM86012; J. ?面羊?大衣女中?款2019冬新款系??松小矮?子高端羊毛?外套,C,C,0,0.355704698,0.986577181,0.360544218,10,5,250,45,41,False
5310,4173,8,I,"[16975, 13625]","[9881, 29446, 26660, 180, 18583, 11781, 18613, 9589, 4173, 22976]",1. 【?3件100元】?美娃娃衫上衣超仙洋?小碎花?新一字露肩雪?衫; 2. 勿上??秋季?院??美女士系?休?透?鞋??小白鞋H14W8501,A. roberta???女鞋18新款水?珍珠平底休??鞋子RS87215; B. 潘司?女鞋高?奢???布????派?尖?高?鞋???口女?鞋; C. 半?原????女?2019夏季新款桑???中?款?松格子?衣裙子; D. 希野2018新款收腰?瘦女神范?逸?裙仙 ?胸刺?透?吊??衣裙; E. 九月陌墨 2019夏季新款女?波点立?棉麻?衣裙 中?款?松A字裙; F. ???2018夏?新款??印花下?打?短袖?衫女???松短款上衣; G. ?接?毛女包包2018新款?皮?肩包?版????手提包百搭斜?包; H. 1st Ring ?古娃娃???毛衣女套? ?色?松秋冬粗毛?秋冬款; I. ?? ?美?色?心耳?s925???耳?女防?敏吊????款??; J. 特步男鞋2019春夏季新款??鞋男士正品?面?生透?休??步鞋子,G,G,0,0.355704698,0.986577181,0.360544218,10,5,250,45,41,False
21102,6995,1,B,"[13625, 13998]","[25031, 6995, 11425, 19423, 7258, 17567, 10895, 22803, 884, 17469]",1. 勿上??秋季?院??美女士系?休?透?鞋??小白鞋H14W8501; 2. 聚利?女士手表?生?版????防水石英表??手表女ins???,A. ??毛衣女?衫2018秋?新款?松?版?生中?款??衫外套女?冬; B. chic小包包女2019新款潮?肩港?斜?小方包?版??百搭?古女包; C. 素作帆布包 女?肩2018新款森系文?ins包包???便?物袋大容量; D. ??穆勒毛毛鞋2018秋新款chic?古女包??人?毛半拖鞋??外穿; E. 透明包包女chic??包 ?生斜???小方包仙女小????克力包; F. 2019新款春季高?鞋女??百搭法式少女??性感?面黑色?鞋; G. DIN?版夏?新款薄款天?棉??色牛仔?腿?垂感?松九分?女; H. LOSEA 迷?蝴蝶??鞍包包女2018新款?肩斜?包小包??同款女包; I. 提花?何?案立???高腰蓬蓬?衣裙O; J. achette雅氏4KK0 2018春夏款女鞋尖?高?短靴?子鞋,B,B,1,0.355704698,0.986577181,0.360544218,10,5,250,45,41,False
5334,9043,1,B,"[15211, 13302]","[18866, 9043, 24921, 8854, 30964, 25473, 15244, 21981, 7750, 8136]",1. 【特】 女夏2018新款?松?瘦高腰破洞白色牛仔短??腿毛???; 2. ins小白鞋女春季百搭基?皮面?生鞋子平底?鞋?皮板鞋女鞋休?,A. MG小象高腰休??女春季2019新款?版修身直筒?bf??松西??子; B. ??T恤2018新款??百搭ins短袖女刺?上衣; C. 原???布衣?日系格子?接假?件?衣裙女2018秋?新款?生裙子; D. AI ?有范?的可折?百搭帽子 ?版盆帽?夫帽女日系文?遮?帽; E. 2019春季?美新款?色?鞋女尖???高?鞋???口漆皮百搭女鞋; F. 啄木?女包2019新款春??女士包包女大容量?肩斜跨包百搭手提包; G. 棉衣外套女秋冬2018新款?版棉??生??休?短款大毛?羽?棉服; H. ?洲?格站2018冬季新款女鞋羊?皮?筒尖???高?百搭?靴女潮; I. LOLOL 2018新款?松?袖?色字母印花加??帽套??衣女?生秋冬; J. JHXC chic刺?短袖T恤女?松2018夏季新款?生?版??百搭打底衫,J,J,0,0.355704698,0.986577181,0.360544218,10,5,250,45,41,False
6578,23763,3,D,"[15228, 14598]","[7049, 23811, 12149, 23763, 413, 2478, 1302, 31202, 20813, 28913]",1. 小瑞?包?色菱格包包女2019新款??百搭斜?包?肩包小包包女包; 2. ??丸?琴百褶裙半身裙女 2018冬?新款短款?版?瘦百搭a字?裙,A. ?美名媛??2019新款夏高端女????古腰封印花?袖?衫?衣裙; B. K家后背抽??衫女?袖2019春?新款?松chic??感?衣心机上衣; C. ?身牛仔?女?版?瘦?色春秋百搭???女2018新款高腰小脚?子; D. 皮?羊毛???雷帽女秋冬季?版日系百搭英??家帽黑色??帽子; E. 函夏 手工?古黑色?肩包女 ?古牛皮斜?小方包迷??皮手机包; F. ?家RMOJUL 2018夏?女?新款 ??荷?袖印花修身?腿????SW; G. 天美意秋新款牛皮平底小白鞋女鞋休?鞋76026CM7; H. 一力米灰2018新款冬季粗?加?厚方?方??美中???毛毛?鞋女; I. BANANA BABY夏季新品?典格子大口袋半身裙A字裙?瘦短裙?版; J. 原?佛珠8mm木?花108?白菩提子多圈款手串??佛系?新手?包?,D,D,1,0.355704698,0.986577181,0.360544218,10,5,250,45,41,False
26698,30641,9,J,"[17295, 29693]","[895, 3899, 17377, 24624, 22821, 25683, 16621, 23060, 26889, 30641]",1. 林珊珊2019春季新款女?法式赫本中?款?????接???衣裙子; 2. 整皮毛一?水貂毛毛鞋字母金?加??福鞋棉瓢鞋?人??白色女鞋,A. 原?森女部落小?新牛仔外套?松?生?版bf2019新款秋秋?院?系; B. 正品名牌手表女机械表全自?潮流女款?????色?皮?女士手表; C. 非?平底凉鞋女夏2018新款??百搭一字??珍珠平??脚凉鞋; D. 阿曼?粉色羊?衫女套?秋冬新款??打底衫毛衣?松?瘦A7Q15014; E. 子晴??毛衣裙2019春?新款?松??裙?仙的法?小????衣裙; F. ???趾凉鞋女夏2018新款女平底?版?生沙?珍珠平??脚凉鞋女; G. 皮毛一?外套女公子2019新款短款加厚?袖?松?生??春?克上衣; H. 黑色??服2019新款春夏一字肩宴?小?服短款女生日派??衣裙子; I. ??波点裙+小狗印花吊??衣裙?件套; J. AI 法式?古?雷帽 羊毛含量高?90% 秋冬女?家帽毛?南瓜帽子,J,J,1,0.355704698,0.986577181,0.360544218,10,5,250,45,41,False
2478,13228,4,E,"[23919, 24847]","[18822, 19284, 13253, 20312, 13228, 8902, 18953, 30503, 2936, 17991]",1. Nine West/玖熙2018春夏新款流?粗高?鞋女 ?古方?一字?凉鞋; 2. ??露娜???珍珠耳? 女式???款耳?新款ins耳??版耳?品,A. ?芝? 法式? ??黑白?色???空?? A字高腰中裙?衣裙; B. CHACHA?古?袖chic?裙法式少女茶歇裙高?秋冬打底?衣?衣裙; C. 糖力2018冬?新款港味?古女生???子流??叉?款?腿休??女; D. YUBUER2019春新款修身白色V????衣裙女中?款收腰短袖A字裙; E. 包包女2019新款??菱格??包?版女包百搭迷?小方包?肩斜?包; F. T夏季男士棉麻九分束脚??麻休??修身小脚?哈??松?子潮; G. ?都衣舍?版女?冬新款牛仔加厚外套中?款棉衣棉服CQ7495?; H. A21新款冬季牛仔?男修身低腰?力黑色?子男小脚?加?潮流??; I. 帽仕? 帽子女冬天?版?帽??毛??夫帽秋冬名媛?雅羊毛?帽; J. 春款方?平底低??鞋女 漆皮方??口百搭舒适淑女粗?ins?柔?,D,D,0,0.355704698,0.986577181,0.360544218,10,5,250,45,41,False
21915,29328,4,E,"[11818, 4993]","[17222, 15901, 9461, 19707, 29328, 7160, 3560, 9061, 294, 11055]",1. TS??春夏新款??方?低?V口穆勒拖鞋女TA98102-12; 2. EIN言??印花?衣裙女?中?款?松?膝?裙子女春夏2019新款,A. ??白?衫女?袖2018春?新款女??范修身??V?潮?衣CS1508; B. 【sheii?茵茵】必入款~新款???拖鞋平底?人包?羊毛毛拖鞋女; C. AI 帽子女夏天 拉菲草帽女手工??沙?帽?版休?百搭高?遮?帽; D. ?色格子毛衣2019流行女?新款V??????松套??院?中?款; E. 芭?舞女孩??瘦的耳?女?款适合??耳?????耳???耳?; F. 男道春?新款日系小?新休?格子?衫男?院?文?情??袖?衣潮; G. ?皮大?女靴41-43冬新款粗?百搭短靴女?美中?加?棉靴女鞋40; H. EEKE Studio 珍珠耳??色晶??心吊?耳?高?感?古??耳?女; I. THISNESS 幸?手? 橄???色??手? ???金?石手?女; J. 毛毛鞋女冬季加?外穿粗?豆豆鞋中?英??古方?百搭ins小皮鞋,H,H,0,0.355704698,0.986577181,0.360544218,10,5,250,45,41,False
29294,12635,9,J,"[13625, 13727]","[3154, 16957, 10010, 12904, 2468, 9852, 26603, 2101, 23124, 12635]",1. 勿上??秋季?院??美女士系?休?透?鞋??小白鞋H14W8501; 2. 2018秋?新款???松?生衣服?袖T恤女打底衫?版百搭??上衣,A. 小瑞?黑色??小方包包女2019新款百搭?肩包斜跨包??小包女包; B. 勿上??2018年秋款小?新女士休?鞋?年中口低??鞋H02W8514; C. 三彩?子女潮百搭2019春秋?新款?瘦?腿微喇叭????; D. ?衣秋??松怪味少女外套bf套??款hiphop上衣女女?哈潮ins=; E. 余??2018夏?新款?美性感?接?空???衣裙女百搭??裙子; F. BAO STYLE◆精致?性??耳?女 ????百搭??耳???耳?潮; G. ?都衣舍2018?版女春?新?松?瘦?色背???GS7934?; H. 吐火?新款?皮包?凉鞋一字??白色????鞋夏季女高???; I. ?球ins春季2019新款百搭小白鞋帆布鞋女?生?版ulzzang秋板鞋; J. ?都衣舍2018新款女?春??版修身?瘦小脚??牛仔??RW7656?,C,C,0,0.355704698,0.986577181,0.360544218,10,5,250,45,41,False
1700,7254,6,G,"[23985, 29328]","[26774, 27236, 29292, 2536, 1586, 29469, 7254, 20718, 2088, 21513]",1. 一字?中空?鞋女粗?凉鞋2019春夏新款百搭?瘦仙女高?鞋休?鞋; 2. 芭?舞女孩??瘦的耳?女?款适合??耳?????耳???耳?,A. 于momo2018秋?新款chic???子黑色牛仔?修身百搭???小脚?; B. 粗?毛毛拖鞋女2018秋季新款?毛包?中?蝴蝶?尖??面ins半拖; C. ?睡?定制粉色格子百褶裙子a字短款高腰半身裙夏女2019新款; D. 秋冬季?衣裙女2017新款?版??冬天加厚中?款毛衣?膝??裙子; E. 艾特逆光女?2018新款bf百搭?色logo?衣女?生?松?版ulzzang; F. 夏?2019新款女雪??衣裙??中?款荷?袖小?新??印花裙子仙; G. Mexican/稻草人女包手提包包女2019新款??百搭女式?肩斜?包潮; H. MIUCO刺?花亮片???短袖荷??A字裙?衣裙k; I. SC2019春夏季新款?色短袖?衫?衣裙女法式小???浪漫中?裙子; J. 花栗鼠小姐 波西米??衣裙女夏2019新款中裙?褶?柔?吊?裙,G,G,1,0.355704698,0.986577181,0.360544218,10,5,250,45,41,False
3941,18922,6,G,"[10515, 22455]","[893, 214, 15213, 28156, 17053, 2092, 18922, 22038, 15597, 29333]",1. doodoo包包女2019新款潮??女士百搭斜??肩手提包??大?女包; 2. ??春新款小?新小白鞋女平底原宿鞋系???女休?鞋潮H14W7110,A. ??家 秋?2019新?花???袖?衣裙套? 初秋?件套; B. ?通女孩印花???接荷???美少女?衣裙; C. ??zhou高腰牛仔短?夏2019新款chic?版百搭?瘦破洞?腿??; D. ?下-?都衣舍2018?版女?夏?新款高腰?松女牛仔?OPC8657?; E. ??耳?女?????性?意新款缺角五角星?石珍珠??耳?耳?; F. 帽子男潮夏天?版棒球帽潮人防?遮???百搭黑白薄夏季女?舌帽; G. 原?春夏新款娃娃?小香??瘦黑色a字赫本小黑裙?古短袖?衣裙; H. HEIRLOOM?特周Twin Cluth??牛皮手拿包; I. 刺?polo裙?松A字型??T恤裙?衣裙; J. ?雨佳 2018秋冬新款?色?面?大衣?款深灰?羊毛毛?女外套,F,F,0,0.355704698,0.986577181,0.360544218,10,5,250,45,41,False
14973,17873,0,A,"[17743, 22455]","[17873, 26540, 5890, 31078, 7065, 20880, 10805, 5915, 9451, 10342]",1. 黑眼袋袋包包女士2019夏季新款?肩女包百搭ins斜?包??小包潮; 2. ??春新款小?新小白鞋女平底原宿鞋系???女休?鞋潮H14W7110,A. LRUD【2件7折】2017秋?新款?袖???衣?生?松V?上衣?衫女; B. 2018新款?美大容量??sangle水桶包?皮大包包女???肩斜?包; C. 毛毛鞋女冬2018新款?版?皮高?鞋百搭粗??鞋加?外穿棉鞋女鞋; D. 金大班/??/2018冬季新款?版打底?色?蜜毛?厚款?衣裙子女潮; E. 厚底小白鞋女春秋季?鞋2018新款百搭??鞋子女休?街拍平底白鞋; F. 毛衣女2018新款百搭???松???外套高?套????仙的上衣冬; G. 法?小??奢女表小表?手?手表女士森女小巧品牌金表2019年新款; H. 夏天帽子女?帽M?女士大沿草帽沙?帽海?太?帽 防?遮?帽子; I. 早秋?性露肩短袖T恤女?2018新款潮夏季?版白色?恤衫漏肩上衣; J. jrshop白色九分牛仔?女2018新款?身?瘦?版?力修身毛?小脚?,J,J,0,0.355704698,0.986577181,0.360544218,10,5,250,45,41,False
18961,16814,1,B,"[22455, 12766]","[11858, 16814, 3538, 17716, 21010, 9793, 7963, 15112, 4923, 16067]",1. ??春新款小?新小白鞋女平底原宿鞋系???女休?鞋潮H14W7110; 2. 逸?打底?女外穿春秋薄款2019新款小脚?身?瘦黑色??高腰?子,A. 施?洛世奇GIRLFRIEND手?女款 ????可?手?首?配?; B. 朴正? 2018秋?新款白色t恤女?版?松?袖?棉?搭打底衫上衣; C. 于momo2018夏?新款?美??荷??露肩?衫女一字肩??心机上衣; D. 2019春款??少女心仙女裙?版刺????衣裙女??中?裙子潮; E. 宿本 赫本?古裙高腰2019夏?新款???衣裙高??袖中?款女; F. MG小象收腰格子?衣裙女秋季外搭无袖?甲中?款???袖?衫裙子; G. 2018秋冬新款?面羊?大衣女中?款焦糖色小矮?子毛?外套?版; H. 素木原?大? 印花高??袖加厚?衣女冬2018新款?松打底衫L465; I. MASOOMAKE英?百搭系??瘦?靴女 2018秋冬新款chic?丁靴女平底; J. 高?毛衣裙女套?秋冬2018新款?松?版中?款?膝打底???衣裙,B,B,1,0.355704698,0.986577181,0.360544218,10,5,250,45,41,False
18024,24876,4,E,"[4549, 13598]","[601, 5361, 27146, 20004, 24876, 24404, 26122, 29605, 26189, 24512]",1. 邦?手表男士机械表全自?防水潮流新?念?生?皮?中?名牌男表; 2. 春季2019新款男士休?鞋??板鞋?版潮流鞋子百搭黑色皮鞋男夏季,A. 新款?北冬季?版???便保暖加?防水防滑雪地靴女棉鞋短筒棉靴; B. 情?一?戒指定制?意雕刻字??男女?口???生照片?物首?品; C. 冬?上衣?美?袖毛?外套毛????皮?chic?子大衣中?款女-; D. 妖精的口袋春?chic小脚刺?九分?修身???牛仔?子女; E. ?切?春季男?日系?古?意撞色?接?衣?年???松套?上衣潮; F. 迷?小包包2018新款潮?版??百搭chic?肩斜?少女包ins豆腐包; G. ??2018夏季新款休??古松?女鞋百搭厚底女士凉鞋H59W8601; H. ?都衣舍2018?版女?秋?新款系??瘦荷???袖?衣裙JN7654?; I. 范思?恩?色雪??衫女??感小??版??袖?仙的上衣洋??衣; J. 高?凉鞋女防水台女式?皮?空水?夏季新款33小?厚底粗??嘴鞋,E,E,1,0.355704698,0.986577181,0.360544218,10,5,250,45,41,False
27491,10831,8,I,"[18041, 29328]","[19869, 22823, 12955, 9094, 15449, 20484, 10547, 27576, 10831, 628]",1. 一字?凉鞋女2019新款中?夏季?版百搭????鞋子露趾粗?女鞋; 2. 芭?舞女孩??瘦的耳?女?款适合??耳?????耳???耳?,A. M Queen?立制衣 ?雅木耳?高腰打?亮?雪?系?露肩?衣裙8920; B. 鞋夫人2019春季新款粗??鞋?穿方??福鞋女鞋休?鞋低?豆豆鞋; C. 妙?平??妹港味chic??鞋女夏2018新款?版平底休???凉鞋女; D. 包包女2019新款???皮手提包?巾大容量??牛皮?肩包斜?大包; E. AIMIGAO?米高2018夏季?面尖?粗高?凉鞋后????女鞋子; F. ?雨佳?色v???衫女2018新款秋冬毛衣修身打底上衣; G. 墨?鹿皮?外套女?松2017秋冬季新款?版短款?克百搭?生棒球服; H. 辰未原?日系?少年后背字母印花?帽?衣男袖子?色套?上衣男潮; I. 手表女小?新ins??奢法?小??生可?防水????女生手表; J. 法式?古裙超仙?膝V??空雪?收腰A字???衣裙女2019新款夏季,J,J,0,0.355704698,0.986577181,0.360544218,10,5,250,45,41,False
7480,3387,2,C,"[24847, 18015]","[26246, 9485, 3387, 7833, 22360, 23672, 7688, 17762, 21968, 16369]",1. ??露娜???珍珠耳? 女式???款耳?新款ins耳??版耳?品; 2. 天美意春季新款商?同款包?粗高?尖?中空凉鞋女AR411AK8,A. 春夏小包包女士2019新款潮?版??百搭?肩斜?包女包手提包ins; B. 【五折??】?斯春款五分袖露肩一字?中袖娃娃衫泡泡袖上衣女夏; C. 林珊珊 2018秋?新款舒适?松防?小披肩外套??杏色?衫女上衣; D. 拉夏???花??外套女2019春季新款秋?松女??生口袋工?外衣; E. 林珊珊 2018秋?季少女心bf?松百搭??字母印花?搭短袖女T恤衫; F. K家露肩T恤女?袖2019春?新款潮中?款?白??打底衫小心机上衣; G. Koradior/珂???品牌女?2018冬?新款黑色高腰修身???衣裙; H. 小瑞?包撞色?肩???小方包女2018新款????斜??肩小包潮; I. MG小象?芯?棉服女中?款?松2018冬季新款?生?帽休?棉衣外套; J. 鹿笙|??的?信D069夏季新款吊??衣裙女??打底裙中?款裙子,J,J,0,0.355704698,0.986577181,0.360544218,10,5,250,45,41,False
5664,27985,5,F,"[19688, 5194]","[18789, 8063, 21072, 20775, 10541, 27985, 26444, 24680, 28053, 14206]",1. ?洲?格站2018秋冬新款女鞋牛皮?芯?刺?平底?鞋小皮鞋洋?款; 2. 朴正?2018秋季新款?版黑色chic港味一步裙中?款?瘦半身裙子女,A. NOTHOMME日系潮牌?松版??拉???套??衣男款花灰色ifashion; B. 茵曼女?新款?衣裙夏小?新??假?件背?裙女中?裙修身裙子; C. casio旗?店SHS-4521防水女士太?能手表?西?官?sheen官方正品; D. 手表女?版????方形款休?大???????潮流女士防水女表; E. 春季?靴中筒靴春秋百搭粗?半筒瘦瘦靴尖?高?中靴?力短靴子女; F. ins???雷帽女春秋?版日系百搭?家帽黑色英?八角帽女帽子夏; G. 雪地靴女羊皮毛一?2018新款冬季中筒靴子平底?皮保暖?生棉鞋冬; H. ?白2018秋冬新款 字母?花半高?T恤女 休?棉??袖直筒打底衫; I. 宿本法式?古裙?膝2019春秋新款??chic?柔仙女裙高腰?衣裙女; J. 九月陌墨 2019夏季新款女?印花半袖T恤女 ?版休??松?恤,H,H,0,0.355704698,0.986577181,0.360544218,10,5,250,45,41,False
23986,4691,5,F,"[28651, 13625]","[5354, 17517, 26574, 16904, 10628, 4691, 29067, 23137, 19601, 1167]",1. TAKIYA 夏?2017新款 凉快又好穿松?腰?色光板A字短?女; 2. 勿上??秋季?院??美女士系?休?透?鞋??小白鞋H14W8501,A. Lion~消失的?人 ??感起?拉毛?羊毛?平?直筒???帽黑色; B. 函夏 2018年新款包包女 粉色?皮?肩半??鞍包 ?肩?斜?; C. 法式?古???裙?多利?桔梗法?山本女春秋?膝?衣?衫?衣裙; D. 超好看！~ 2019早春新款尖?珍珠高?鞋女包???性感名媛凉鞋女; E. MG小象?芯?加厚棉服女2018新款冬季外套中?款粉色修身女士棉衣; F. 全新配色GRKC恐??骨T恤JONY J男女同款?松情??潮短袖bf?; G. 古伊萱2019春季新款潮女式粉色珍珠花?菱格??肩斜?ins包包; H. Franco Sarto 春夏新款舒适平底凉鞋????凉鞋C0432; I. 哈森春季女鞋?版百搭休?鞋女 平??鞋 小蜜蜂小白鞋女HS78202; J. ?都衣舍2019春?新款女??版?松假?件毛衣??衫ONH8107煜,F,F,1,0.355704698,0.986577181,0.360544218,10,5,250,45,41,False
17230,3594,5,F,"[19629, 24847]","[1810, 3565, 12411, 4986, 8304, 3594, 26713, 17415, 21042, 2081]",1. 秋冬季2018新款打底?加?加厚??子外穿保暖?肉色光腿神器女?; 2. ??露娜???珍珠耳? 女式???款耳?新款ins耳??版耳?品,A. CONVERSE匡威官方  All Star ' 70 高??古帆布 142334; B. X18秋冬 ?于?的??款 分??? 羊毛?A字裙半身裙 米??吃米; C. Bershka女士 2018新款黑色拉?迷???潮流皮革腰包 09510986800; D. 2018秋冬新款?版高腰A型?叉半身裙女冬季中?款?古格子A字裙子; E. MALI/2018秋?新款?松?瘦????衫?袖套????羊?毛衣女; F. 一字??透明凉鞋女夏2018新款百搭高?鞋露趾方???粗?水晶鞋; G. 老?鞋女2019新款春季??ins潮女鞋?面夏季透?增高厚底??鞋; H. NizonDays201新款春季女士松??叉高腰休???黑色半裙潮流?裙; I. 打底?高腰黑色?身小脚港??子?古原宿?院?春秋外穿休?女?; J. 毛??鞋女2018新款冬季矮?鞋子方?平底?人鞋黑色有?的毛毛鞋,E,E,0,0.355704698,0.986577181,0.360544218,10,5,250,45,41,False
1479,30641,2,C,"[17556, 14083]","[27188, 9509, 30641, 16698, 15752, 20968, 28106, 18981, 1891, 627]",1. ?版2018冬季新款保暖加?棉鞋厚底松?鞋平底??短筒雪地靴女潮; 2. 北山制包所?典豆腐包?琴方盒包?肩斜?包?古包女2019新款女包,A. 黑色牛仔?女2019春秋新款?版高腰?瘦?力百搭?身九分小脚?子; B. 墨下初心?古文?V?民族?假?件?衣裙 ???松改良旗袍裙子; C. AI 法式?古?雷帽 羊毛含量高?90% 秋冬女?家帽毛?南瓜帽子; D. ?家RMOJUL 2018夏?女?新 ?雅喇叭袖?色??刺????衣裙SW; E. 爬梯女鞋2018秋季新款??高??力靴??拉???尖???女?靴; F. 于momo2018新款ins超火裙子小?新格子雪?半身裙高腰?瘦a字裙夏; G. 安小落春?新款?美?新?色蝴蝶????衫女收口?袖?百搭?衣; H. 尼班?2018夏?新款女??色蝴蝶?高腰?松短袖?衣裙女?生?; I. 函夏 牛皮手工?古中??小?包女斜? ?形??流??皮百搭女包; J. 草帽女太?帽子巴拿??帽草?小?新沙?海?百搭防?度假遮?夏,C,C,1,0.355704698,0.986577181,0.360544218,10,5,250,45,41,False
13152,21413,2,C,"[16064, 5479]","[14839, 27384, 21413, 3586, 19662, 20768, 30749, 24176, 18271, 3676]",1. 一力米灰2018新款冬季?皮???平底?人穆勒包?羊毛毛半拖鞋女; 2. 棉衣服2018新款女冬??版加厚面包服外套?生流行??子毛?棉?,A. T恤+??水溶花??吊??衣裙?件套k; B. ?鞋女平底2019春季新款?皮??鞋小皮鞋方??人鞋米白色蝴蝶?; C. 加?牛仔?女秋冬新款??脚口?叉?身高腰?瘦小脚???子#; D. 原?森女部落中?款?春外套?生小?新?松2019春季新款女?森系; E. ???件套?衣裙女?洲站2018夏?刺?中?款T恤+雪?吊??裙潮; F. ???衣裙2019新款夏??裙中?款???美?瘦重工刺?仙女裙; G. 包包女2019新款女包迷??莉包?美百搭斜跨?肩包女士手提小包包; H. ?珠桃心小心机??露肩T恤裙???衣裙k; I. 花木偶2018秋新款??ulzzang直筒?基?百搭杏色九分?牛仔?女; J. 彩色??不??裙+刺?花?T恤?衣裙?件套,C,C,1,0.355704698,0.986577181,0.360544218,10,5,250,45,41,False
18195,19253,0,A,"[23310, 13625]","[19253, 8016, 15384, 29105, 2120, 1237, 11080, 3946, 9829, 5651]",1. MG小象白色T恤女短袖?蜜?夏季?棉?恤衣服荷??不??上衣潮; 2. 勿上??秋季?院??美女士系?休?透?鞋??小白鞋H14W8501,A. 拉菲斯汀2018新款透明包包女手提袋透明?物袋果?包女ins超火包; B. 裸色高?鞋女粗?春季2019新款?版尖?百搭???生春款少女?鞋; C. Nike耐克男鞋2019夏秋季新款黑武士??鞋?鞋??鞋子?面?步鞋; D. ???品牌低?休?街?潮流透?舒适?牛皮??板鞋球鞋男女鞋; E. 原形 加厚?棉保暖外套 2019春新款女??版?工??帽?衣; F. 秋?女2018新款?版高腰木耳??松牛仔半身裙?生ulzzangA字裙; G. 小脚！Mbbcar?美西海岸原宿潮重磅洗水黑牛赤耳丹?牛仔?718A; H. cheeseY?版T恤女夏季2019新款粉色交叉V?短款高腰修身露?上衣; I. 冬?2018新款?大?羽?棉服女中?款?膝棉衣加厚棉?冬季外套女; J. ???18k??金戒指love??女?骨?????指?吊?情??品,F,F,0,0.355704698,0.986577181,0.360544218,10,5,250,45,41,False
9502,4953,8,I,"[14390, 8994]","[26996, 17195, 19224, 26456, 22790, 12748, 28073, 18858, 4953, 17844]",1. 帽子女春夏休?百搭字母刺??舌帽米色白色防?遮?帽?外棒球帽; 2. ColourUp原???帆布包ins水果小?新??女?肩?生文??保袋,A. 雪梨同款?皮系?厚底做?星星小?鞋女??百搭?增高街拍小白鞋; B. 海?度假???波西米?泰??衣?女??高腰?色短?雪?裙?夏; C. ??琳空?秋季2018女??版OL??性感露背V??松?袖?衫上衣; D. 蛋?家/omont高腰直筒?松卷?休???其色?子??印花女春秋; E. ?州站?皮小白鞋2018秋季新款厚底百搭松?女鞋子??休?鞋板鞋; F. 白色高?毛毛鞋女新款2018百搭?版外穿一脚?流?豆豆鞋女冬加?; G. MUCHA 原??? ?古??款 加?腰封 灰黑格子中裙半身裙; H. ?子原?夏季?新夏棉麻波点 中?款?衣裙初??古?膝度假女; I. 回力帆布鞋?口笑女鞋2019?版百搭小白鞋?生板鞋休?鞋男??鞋; J. ?令??2018夏新款包?粗?中空凉鞋女?皮中?方??空透?女鞋,D,D,0,0.355704698,0.986577181,0.360544218,10,5,250,45,41,False
7400,2368,0,A,"[127, 6919]","[2368, 3426, 8838, 9917, 13472, 6861, 1832, 23493, 11505, 10620]",1. 【南?】?????包包女2019新款夏季??休?女包?肩包斜?包; 2. HATSUP?奢???日系可?草帽女小?新夏凹造型平?帽拉菲草帽,A. STPY日?白色滴油耳???CHIC??古??百搭耳???金S925手作; B. 港??古包包女2019秋冬新款磨砂小方包?版潮百搭少女?肩斜?包; C. 草帽女士夏季小?新?版海?夏天百搭遮?帽太?帽防?帽沙?帽子; D. ME ACC潘斯塔? ?性2019新款????女潮人14K包金大耳?耳?; E. 手表女?生百搭?古??防水森女系潮ins?原宿法?小??奢女表; F. 雅?制? 日系?古牙?加雷鬼撞色?芯??帽外套多口袋男?克潮; G. 阿吉豆耳?女?????性??高?感耳?小?百搭2019新款潮??; H. ??包包女2019新款小ck?古?琴包?皮女包小方包???肩斜?包; I. GENANX??潮牌磨白牛仔?黑色??合?直筒休???年潮流; J. Dioss 高?感洋?小香?菱格??包包女2019新款chic斜??肩小包,A,A,1,0.355704698,0.986577181,0.360544218,10,5,250,45,41,False
843,29124,4,E,"[2067, 4524]","[18115, 15502, 858, 1013, 29124, 12215, 25316, 11288, 21742, 26060]",1. 2019新款??色?古水洗不??腰?直筒九分牛仔?女小脚?瘦?形; 2. A7seven ?古撞色?接毛衣外套女秋冬?版百搭?生?松???衫潮,A. 秋冬季新款羊毛帽子法式小??????帽女士??羊毛?潮流?帽; B. 秋冬季2018新款貂??接?帽棉衣女中?款?型棉服毛?厚棉?外套; C. CAO ?皮拖鞋女夏??牛皮素面??平?黑白凉拖鞋??凉鞋女包?; D. 稻草人女包斜??肩包手提包包女2019新款??百搭小方包信封包; E. 【南?】?古流浪包包女2019新款??百搭??女包?肩斜???包; F. 高腰牛仔?九分?女; G. ?洲站2018冬?新款立?棉衣女中?款?松棉服蓬松撞色保暖面包服; H. ?佰格?色新娘小包包2019新款潮??手提包女?肩斜?包女包?婚; I. millie's/妙???漆牛皮方??鞋尖?粗高?女鞋LL621AM7; J. ?施?洛世奇水晶耳??????款耳????性耳?无耳洞耳?女,D,D,0,0.355704698,0.986577181,0.360544218,10,5,250,45,41,False
23882,15228,2,C,"[11690, 17457]","[25632, 8361, 15228, 1311, 13942, 19647, 12755, 15845, 11589, 26846]",1. 邪?先生修?日系?色棉麻八角帽子女夏季文??家?古???童帽; 2. Mell ??斯人像 小?法式不??耳??女无耳洞高???感??,A. ??流?孔雀羽毛耳?女?古?款超仙耳?民族?耳?防?敏?品潮; B. xcollection19新品??女人?耀尖??高?鞋chic?口?鞋10cm; C. 小瑞?包?色菱格包包女2019新款??百搭斜?包?肩包小包包女包; D. 冬季新品加厚??短款打底毛衣?松全山羊?衫直筒??衫女; E. XIAOYOUBAG????包女2018新款?面小方包百搭夏天小包包斜?包; F. 2018夏?新款女? 小?新喇叭袖心机上衣小衫chic??衫女夏超仙; G. 冬上新小包包女2019新款潮?版百搭斜?包高?感??手提包小方包; H. 范智? 春?2018新款??女神范衣服?古???衣裙女中?款裙子; I. MG小象中?款chic毛?外套2018冬季女?新款?美??松?子大衣潮; J. 潘司?女鞋?美??紫色胎牛皮防水台超高??拉?深口鞋???鞋,C,C,1,0.355704698,0.986577181,0.360544218,10,5,250,45,41,False
5137,30695,7,H,"[30641, 16324]","[23209, 3530, 22904, 2656, 997, 9169, 608, 30695, 10511, 17513]",1. AI 法式?古?雷帽 羊毛含量高?90% 秋冬女?家帽毛?南瓜帽子; 2. MG小象?衣女秋?2018新款中?款?生?接??外衣休?chic外套潮,A. 路小船水桶包女??新款大容量包包斜?chic百搭毛?女ins??包; B. （下）2019夏?新款?松pphome裙子原宿?下衣失踪棉短袖?衣裙; C. ?美2018夏季新款半拖鞋???色高?尖?凉拖鞋包?外穿女鞋凉鞋; D. ?性黑色?形耳?耳?女酷???????情?睡?不用摘的耳?品; E. ?古豆腐包box包空姐包牛皮斜??肩包女2017新款?皮小方包女; F. 播喜 初夏 春?2019款女?美粉色?袖中?款收腰雪?大??衣裙; G. 2018新款冬季打底?美雪?衫女系??袖?衫公主洋?淑女超仙上衣; H. 粗??鞋女2018新款?版百搭小?新高?鞋方??古??鞋深口女鞋; I. 重??接 ?; J. MG小象中?款?衣裙女夏2018新款??裙子??沙?裙?柔?吊?裙,E,E,0,0.355704698,0.986577181,0.360544218,10,5,250,45,41,False
14271,7472,9,J,"[24781, 30641]","[17257, 21386, 4672, 17893, 822, 25264, 3949, 6280, 28667, 7472]",1. 宿本 2018流行格子大衣冬季新款毛?外套女中?款女?古森系?子; 2. AI 法式?古?雷帽 羊毛含量高?90% 秋冬女?家帽毛?南瓜帽子,A. ?家RMOJUL 2018夏?女?新 ??POLO?立?花?刺?短袖?衣裙SW; B. 名媛?古女夏2019新款??吊?裙子无袖?裙高腰?款?衣裙?件套; C. ??原?森女部落冬眠季?小?新?美少女毛衣2018冬?新款森女系; D. 花?刺????袖?新???衫?衣裙女; E. 2018新款雪地靴女皮毛一?短筒?版百搭毛毛鞋??短靴平底棉鞋; F. BDCT自制 2018秋?新款美式工??衫男 港??古潮牌休???外套; G. ?美2018夏季新款露趾平底厚底?面??百搭拖鞋女沙?鞋??鞋潮; H. 小白鞋女2019春款?版??洋?超火夏季百搭潮鞋透?厚底?瘦脚小; I. 法式少女高?鞋女??尖?2019新款春??高?鞋百搭小?新?鞋女; J. 小?家包包刺?帆布包?料??包女2019新款百搭?肩斜?包小包包,C,C,0,0.355704698,0.986577181,0.360544218,10,5,250,45,41,False
14414,18644,7,H,"[28929, 16153]","[17449, 16482, 20405, 28632, 25065, 8877, 12353, 18644, 21466, 21843]",1. 春款2019重磅??桑??厚?袖?衫白?大??蝴蝶??衣女; 2. VH2018新款女包?皮大?手提包??潮?枝?手?包???肩斜?包,A. 嘉里?新款???皮女包菱格??小包?肩斜?包包迷?小包包; B. ?白色?面羊?大衣女修身?瘦中?款?排?赫本?2018流行冬外套; C. 春秋高??色斜??叉毛衣女?袖?松套?打底??衫毛?衣; D. BT新款?福鞋女一脚?女鞋?古英??皮?口春夏季平底?鞋小皮鞋; E. RomanceOfGirl / 原? 冬日美型 ?白超大裙?精致刺??衣?裙; F. 帆布腰?女???bf???布皮?女??百搭????女士?版?生; G. 雅?制? 日系街?多口袋工??帽外套?潮字母印花???克男潮; H. ?社交女鞋2019春季新款漆皮裸色?鞋百搭通勤?口尖??高?鞋女; I. 毛毛鞋豆豆鞋女冬季2018新款百搭?版中?加?一脚?41大?女鞋43; J. 冬季加?女鞋秋冬2018新款老???鞋女?版??原宿百搭小白棉鞋,D,D,0,0.355704698,0.986577181,0.360544218,10,5,250,45,41,False
2766,3399,1,B,"[24847, 13788]","[9802, 3399, 17220, 25586, 14590, 15814, 27382, 7355, 10559, 8556]",1. ??露娜???珍珠耳? 女式???款耳?新款ins耳??版耳?品; 2. 高街毛?????牛仔短?女春夏chic高腰性感超火的?子潮女,A. Lin K 100%?面?羊毛大衣女中?款?版冬季???子?膝毛?外套; B. ??2019新款裸色小?新高?鞋??性感一字????透明凉鞋女夏; C. 立?透???袖?接??木耳????衣裙; D. 牛仔?女春秋2018新款?版?瘦高腰chic直筒??古前拉?初??子; E. ?洲站名媛春款女2019新款无袖a字裙西??裙子中?款高腰?衣裙; F. ???子?品四?草???骨?短款黑色????choker?圈女??; G. MG小象中?款?衣裙女半高?套?打底毛衣冬季新款?生?古吊?裙; H. 秋冬季女?20199新款加厚套???衫?袖毛衣中?款打底衫?衣裙; I. 百??子鞋春新款商?同款???休?厚底女鞋BYW28AM8; J. 爬梯女鞋2018秋冬?美新款??水??筒靴?形?高?尖?套筒?靴,F,F,0,0.355704698,0.986577181,0.360544218,10,5,250,45,41,False
24659,30923,7,H,"[28059, 107]","[9059, 11633, 10538, 2775, 15695, 28365, 6965, 30923, 8423, 23477]",1. 【sheii?茵茵】超?回?！新款SW方?方??力短靴女?子靴; 2. 素木女?中?款打底高?毛衣女2019新款?松套???衫?搭上衣冬,A. ??衫上衣+牛仔裙背?裙?衣裙?件套; B. ELLE包包女 斜?包牛皮2019新款62014?肩女式?????色小方包; C. Daphne/?芙?春秋季?鞋?生??休?板鞋小白鞋高?鞋女; D. ins超火百搭?古老?鞋女款加?冬季山本?智熏????厚底??; E. CBUGG毛球雪地靴??澳洲短筒女皮毛一???蝴蝶?豆豆鞋CВUGG; F. 拉菲斯汀牛皮2019新款包包女翅膀大包?肩斜?百搭手提包潮春夏; G. ??chic羊羔毛外套女2018冬季新款中?款加厚收腰pu皮毛?机?服; H. AI ?古范?雷帽  ??到?起 春夏透???帽子?家帽?版南瓜帽; I. 宿本 2018夏季新款女???接半身裙高腰a字裙港味中?款裙子黑色; J. 李婉君毛?大衣女2018新款?子格子流行外套中?款及膝大??外衣,J,J,0,0.355704698,0.986577181,0.360544218,10,5,250,45,41,False
21261,4269,3,D,"[6157, 386]","[7477, 18853, 10961, 4269, 12382, 24929, 9887, 26338, 16899, 3778]",1. ?皮??平底毛毛?鞋女2018新款秋冬一脚??人鞋????福鞋女; 2. A7seven 加?加厚牛仔?卜?女冬季?版?松?瘦休?九分?哈??,A. MONA春秋??收腰?膝?裙高腰修身?袖腰封式?衣裙女2019早春; B. 小白鞋女2018夏季新款?皮??星星透?平底?鞋?生?口百搭女鞋; C. 帆布鞋男鞋夏季小白鞋男生布板鞋?版潮流百搭休??麻鞋子男潮鞋; D. A7seven?古大菱格厚?V?套?毛衣女秋冬?版?松?瘦?生??衫; E. MIUCO女?2018早春新款?古?雅印花???荷???接高腰?衣裙; F. 2018新款秋冬季短靴女磨砂粗?高?女鞋英???丁靴蝴蝶?女靴子; G. TeenieWeenie小熊女?夏季polo??衣裙直筒?版短袖中?款裙子; H. 子晴修身一字肩派??衣裙百搭秋冬?新款收腰露肩中?款???服; I. Designer Plus 加?牛仔?女秋冬2019新款高腰?瘦小脚九分?身?; J. 女士包包2019新款?? 大?撞色明星同款?琴包女?皮?肩斜?包,D,D,1,0.355704698,0.986577181,0.360544218,10,5,250,45,41,False
2116,1549,0,A,"[20998, 13413]","[1549, 8021, 17628, 16945, 28062, 30186, 21617, 17472, 4722, 29470]",1. 小?????小?外套女2018新款文??古牛角??帽加厚毛?大衣; 2. 包包女2018新款斜?包女?肩包菱格??包大包2019百搭潮chic女包,A. L33 百褶裙女秋冬中?款秘裙?生a字大?毛?半身裙ins超火的裙子; B. MG小象格子收腰?衣裙女秋新款中?款?院??袖小?新?接裙子潮; C. 小白鞋女2018春新款平底休??版百搭板鞋?生帆布鞋ins女鞋; D. ?妃黑色?靴子女秋冬2017新款尖?高??力靴女??尖?中筒靴Q; E. EEKE Studio ?圈耳?女星月晶?耳?高?感????不??耳?; F. 于momo2018秋冬新款森系阿?巴??面??羊毛大衣女中??子外套; G. UGG早秋女士休??鞋步行系列??板小白鞋 1019108; H. 三彩2017冬?新品半高?字母粗毛??松打底毛衣女短款??衫; I. EZ14 ??色牛仔?女 2018修身流?牛仔?子女?身小脚? UM81006; J. STARTOWN原???包包女2019新款手提包?古休?方包?肩包女?包,A,A,1,0.355704698,0.986577181,0.360544218,10,5,250,45,41,False
23515,838,1,B,"[2368, 26432]","[24191, 838, 14744, 4801, 19128, 16371, 23122, 23523, 3777, 11599]",1. STPY日?白色滴油耳???CHIC??古??百搭耳???金S925手作; 2. 粉色少女心?帽?衣女2019新款春夏季中?款印花可?百搭打底上衣,A. 8070?洲站2018夏新款??松?腰高腰牛仔?女???直筒?潮E397; B. 2019新款春?版ulzzang?生松?百搭休???厚底ins??老?鞋女; C. ?面穿！！亮?百褶裙 ??半身裙秋冬女 高腰大?中?款?面半裙; D. HAVERICE?? 穿上就是?片人！?排??衫中?款?衣裙春?女; E. MG小象雪?高腰半身裙女春中?款2019新款荷??不??a字裙子潮; F. DEYEEN??灰?珍珠耳??石耳?耳??性不????日???得音; G. 2019春季新款?版百搭?生厚底松?鞋休?小皮鞋原宿系??鞋女潮; H. 聚利?手表女ins?文?????百搭?生潮??2019新款防水女表; I. 天王??????金方形?口女士手?; J. 秋冬女2018新款?狐狸毛皮草背心?版坎肩毛毛?甲中?款毛衣外套,B,B,1,0.355704698,0.986577181,0.360544218,10,5,250,45,41,False
2450,19727,3,D,"[29312, 3499]","[21194, 26433, 29892, 19727, 12693, 21700, 27724, 21139, 7799, 30501]",1. 白色高?鞋??小?2019春季新款?鞋女百搭仙女裸色伴娘婚鞋皮鞋; 2. ???衣裙女香影2018春秋新款高腰百褶裙超仙女裙?空???裙潮,A. 黑色??皮?裙子2018新款秋冬季鹿皮高腰?古a字chic半身短裙女; B. ????  2018冬季新款高端女??美大牌修身中?款?叉??裙; C. ?黑撞色?接荷?花?高腰A字???衣裙; D. ???四?草??小????骨?女潮????吊??施?洛世奇?; E. ?三事波士???博物?授? 初蒙阿?布 夏新款印花不??半身裙; F. MG小象牛角?毛?外套女中?款?色上衣秋冬2018新款?美?帽大衣; G. ?子萱白色短袖t恤女?2018新款?棉修身打底衫?松?瘦上衣?恤#; H. ??家春夏?版中?款白色??包臀毛衣裙V?坑????衣裙女; I. Givenchy/?梵希水晶手??美?品??手?新款??女士手?手?; J. ?都衣舍2018新款女?春??版字母???帽?袖?衣OEJ7973?,D,D,1,0.355704698,0.986577181,0.360544218,10,5,250,45,41,False
7997,28238,9,J,"[29855, 13302]","[28829, 6757, 20042, 9791, 25027, 9837, 1958, 28245, 22830, 28238]",1. 2019春秋流?牛仔?腿?女九分??松大?高腰牛仔?毛?直筒?子; 2. ins小白鞋女春季百搭基?皮面?生鞋子平底?鞋?皮板鞋女鞋休?,A. 春季新款修身??束脚?男日系?古撞色百搭小脚休???版布?潮; B. 一力米灰2019夏季新款尖??色蝴蝶?穆勒鞋低?百搭粗?凉拖鞋女; C. ????鞋女厚底2018夏新款?步鞋女透? 老?鞋?版百搭ins女鞋; D. JM 秋季女2018年新款?袖直筒黑色中?款??打底?膝t恤?衣裙; E. 2018新款透明凉鞋女夏粗???同款露趾一字??百搭水晶高?鞋潮; F. 小象包袋可?少女心斜?包女?院?原宿包包女2017新款潮?版?生; G. ?子女秋冬2018新款高腰休???九分哈??口袋?卜??????; H. 2件包? ?版新款???古?何形?克力方形彩色大耳?耳?女; I. Liseyen 黑色?衣裙女2019新款中?款??ol无袖修身赫本小黑裙夏; J. ?都衣舍旗?店外套女2018女?秋?字母印花高?套??松?衣女,J,J,1,0.355704698,0.986577181,0.360544218,10,5,250,45,41,False
8736,14390,3,D,"[5929, 11371]","[30086, 28970, 2554, 14390, 11482, 1760, 15619, 27724, 13701, 26455]",1. 2018春秋季新款女鞋?鞋休?鞋?版松?鞋百搭??鞋厚底小白鞋子; 2. 耳?女????小?2019新款潮耳???高?感法式耳???耳?,A. 森女部落中?款毛?外套冬?生?版2018新款??感森系大衣?院?; B. 百思?2018春季新款??休?鞋?福鞋女?鞋chic小皮鞋YRG01AM8; C. 【?就折】2018春?新款木耳?半高?雪?衫女印花荷?碎花雪??; D. 帽子女春夏休?百搭字母刺??舌帽米色白色防?遮?帽?外棒球帽; E. 黑色松?鞋女厚底2018新款百搭7cm?瘦?增高女鞋冬季加?棉鞋子; F. 夏季?版无袖??打底衫2018新款百搭上衣外穿彩?ulzzang小背心; G. 忠犬小八2018秋冬季新款松?腰百褶毛??古格子半身A字?裙女?; H. ?子萱白色短袖t恤女?2018新款?棉修身打底衫?松?瘦上衣?恤#; I. 【Monkey LU】?小?黑色百搭上衣2018秋冬短款?面?羊毛外套; J. PROD情?短袖?物管理?情??夏?t恤女?松黑白色半袖港?T恤潮,D,D,1,0.355704698,0.986577181,0.360544218,10,5,250,45,41,False
12900,20508,6,G,"[13490, 13993]","[2558, 9893, 17985, 29296, 22926, 28533, 20508, 1859, 29854, 5692]",1. 范智? 2018新款夏季?松短袖女?范港味白色印花上衣服?古t恤潮; 2. 夏天帽子英?白色女士草帽爵士帽?帽遮?帽沙?帽夏季出游防?帽,A. 秋冬新款水桶包女2018潮?版手提斜?百搭??大容量???肩包; B. HEFANG Jewelry/何方珠?燕子???圈 925??女??choker??; C. ??牌男? 夏季男士潮流印花短袖t恤??半袖男生衣服?恤衫; D. 秋?女?子脚口毛????修身?瘦深色九分水洗牛仔?女; E. KIZZME新款女包牛皮水桶包通勤大容量手提多?背法?肩包包; F. Bytehare玩藥局1718?古error印花潮男士?帽修身?衣情?套?衫; G. 2018新款?版chic牛仔短?女夏?瘦低腰?身百搭性感超短???潮; H. 厚底小白鞋女春季2018新款松?鞋春款百搭休?鞋?增高女鞋2019; I. 彩虹色修身??半袖???t恤??短袖上衣女夏2019新款?版?恤; J. 【微瑕不退?】素木???色??打底衫?空?接?袖??T恤x3146,G,G,1,0.355704698,0.986577181,0.360544218,10,5,250,45,41,False
27835,26886,2,C,"[27577, 22455]","[24339, 18921, 26886, 3892, 9442, 29891, 14573, 5548, 15823, 6363]",1. 云上生活百搭?瘦水洗破洞牛仔?N6650; 2. ??春新款小?新小白鞋女平底原宿鞋系???女休?鞋潮H14W7110,A. 小?子毛?外套女秋冬2018新款?版?生?松?瘦百搭?美?子大衣; B. Macy's女士?生????潮流防水手表女?表Anne Klein161001588; C. 包包女包夏天小?新???版???肩斜?包女百搭ins水桶包女小; D. 北包包可?新款?生小包2019春季休?小?包?性?肩包斜跨手提女; E. Artmi空下架女士包包2018新款??手提包女????百搭?肩斜?; F. 正品TT手表女??潮流??小巧?皮防水?性大?精致星空皮?女表; G. 2018夏季新款??金色土星珍珠??手?INS???白全?包?; H. 小?新款港?大毛??帽chic棉服女??款?膝面包服?松外套; I. 天美意秋新款休?鞋帆布鞋平底松??女鞋?福鞋K1701CM7; J. 原????女包?皮手机零?手挽包?意中???古牛皮?形手拿包,C,C,1,0.355704698,0.986577181,0.360544218,10,5,250,45,41,False
22571,13302,9,J,"[4027, 24395]","[17180, 23951, 13505, 352, 23313, 29703, 28347, 12510, 16844, 13302]",1. itstong原???女?品牌新款白色水洗毛?高腰破洞牛仔短?女夏; 2. 七格格ins?衣?帽早秋?女2018新款?版?松?袖中?款CHIC上衣,A. 帽子女平沿遮?帽防?太?帽?帽潮百搭?版平?草帽女夏天小?新; B. 巴掌家?洲站春?2019新款?子黑色亮片??星星高腰修身牛仔?女; C. MOF?物商店 &ldquo;?珍珠耳?的少女&rdquo;珍珠耳??款??giftshop; D. 包?凉鞋女夏2018新款小?高?鞋????尖???拖鞋女中?凉拖; E. 小包包女2019新款?古潮流百搭??小方包?版???肩斜?蛇?包; F. MRA高??丁靴男靴英??百搭中?短靴工?靴加?男鞋英?潮靴子; G. 牛仔?女春季2019新款?版高腰?瘦????色修身小脚九分?; H. ???衣裙女2018新款修身?瘦?力七分袖名媛高腰短款打底裙秋冬; I. 沛?黑白色情?棒球帽子新款金??????舌帽街?潮帽旅游遮?; J. ins小白鞋女春季百搭基?皮面?生鞋子平底?鞋?皮板鞋女鞋休?,J,J,1,0.355704698,0.986577181,0.360544218,10,5,250,45,41,False
17254,27117,9,J,"[11935, 10566]","[20597, 13863, 19355, 21041, 25226, 15513, 14964, 3497, 4932, 27117]",1. 【0】?美?秋??珍一字???鞋YNM10CQ7; 2. 莉莉? 原?春?新款?古??吊?V??衣裙?件套?袖???叉黑,A. ?雷帽女秋冬?版日系百搭羊毛???帽英??美可?南瓜?家帽子; B. Furla芙拉 女士Metropolis???肩斜?包小方包小猪包女包BGZ7; C. Nine West/玖熙2018春季新款??通勤高?鞋 尖??口??女?鞋; D. ?丁靴男士秋冬季加?中?短靴高?潮工?英??雪地棉鞋靴子男鞋; E. 美美的夏夏 秋冬新款pu皮衣女潮短款??百搭修身?版?甲外套女; F. 秋冬中?款?膝羊毛?子大衣高冷系??女?流行羊??外套港味厚; G. 小?家XIAOYOUBAG?何包小?包女斜?包2018新款百搭?肩包??包; H. 拉夏?????衫女拉??春2018新款?松?空?袖黑色毛衣外套; I. Q???堆堆?打底衫女?袖高?秋冬?松大???衫?搭2018新款; J. 山水集 2019新款手工原??古??手提?差?皮?肩斜?女??包,J,J,1,0.355704698,0.986577181,0.360544218,10,5,250,45,41,False
23812,18058,8,I,"[29124, 1244]","[28270, 6106, 14713, 26741, 13422, 28342, 24884, 15045, 18058, 10184]",1. 【南?】?古流浪包包女2019新款??百搭??女包?肩斜???包; 2. 蜜桃家2019春季?版bf?松撞色?接牛仔外套女士?松拉?休??克,A. ?都衣舍2019?版女?夏?新款?生?松上衣打底短袖T恤JW10853?; B. zsazsazsu莎莎?一字?高?鞋潮凉鞋女仙女?ins百搭 ZA98311-17; C. ?柔的猪猪●?新?逸 小立?珠????奢小?印花?衣裙女18夏; D. 正品Vans SK8-Hi 黑白?典款高?男鞋女鞋帆布鞋滑板鞋VN-0D5IB8C; E. 曾小咸 法式?古?芯?半身裙秋冬女高腰短裙A字裙?瘦包臀裙; F. 4月?下架秋冬?; G. MG小象?衣裙女夏2018新款?版潮修身?瘦a字裙?色无袖chic裙子; H. 2018新款短靴女秋冬粗??力靴女靴高?尖?中筒靴英???丁靴子; I. ???ibell ??牛仔?女秋高腰2018新款破洞?版?腿休???; J. 仙女包??小方包 包包女2019新款?肩包????包女斜?小包女,A,A,0,0.355704698,0.986577181,0.360544218,10,5,250,45,41,False
22029,17507,9,J,"[22886, 27114]","[13442, 17088, 23819, 4087, 19250, 27730, 25448, 752, 24738, 17507]",1. ?都衣舍2019夏新款女??版中?款打底裙??裙子?衣裙OY7321?; 2. 沙?帽女巴拿?草帽遮?帽夏小?新海?海?帽太?帽度假防?帽子,A. 女士凉拖鞋女夏??水晶鞋?皮平底一字拖包?半拖鞋尖?水?皮拖; B. ?都衣舍2018新款女?夏??版收腰?瘦裙子牛仔?衣裙女OR7658槿; C. ?美?女鞋潮2018秋冬新款?毛平底方?方?靴??短靴子切?西靴; D. ??2018年夏季新款女士松?底凉鞋套趾厚底拖鞋凉拖女鞋H59W8201; E. 我??斯春季新款百搭?性奢?磨砂金色金?凹凸光面微??石耳?; F. 尖?方?平底?鞋女春秋新款?版百搭?口水?伴娘鞋宴?婚鞋女鞋; G. D?格2018秋冬季新款平底切?西靴短靴英??古?丁靴女靴子短筒; H. 夏?文定制 做?水洗破洞短款牛仔外套女春?新款街??百搭上衣; I. ?古街??色高腰半身裙子女2018秋季新款?棉百搭牛仔A字型短裙; J. 2018新款耳?女?性????冷淡?耳???耳?睡?不用摘的耳?,A,A,0,0.355704698,0.986577181,0.360544218,10,5,250,45,41,False
10274,15770,0,A,"[26541, 17457]","[15770, 18730, 19122, 18224, 25561, 27383, 27879, 510, 20252, 18668]",1. 小?家包包女2018新款刺?香港??古小方包?肩??肩斜?包女包; 2. Mell ??斯人像 小?法式不??耳??女无耳洞高???感??,A. 2018新款春秋季?版百搭小尖???短靴女粗?高?拉?黑色?丁靴; B. ??家?????袖?叉????腰封白色?衫?衣裙女?件套?裙; C. 迷?上新小包包女?琅蛇?包2019春夏新款??女包???肩斜?包; D. ?如民族??衣裙女春夏季新款中?款假?件?古???刺??裙子; E. DIOR迪? 女包 女士戴妃包手提斜?包; F. 老?鞋女?皮冬季2019新款厚底鞋松?底?便休?港味鞋子女??鞋; G. ??吊?裙+??高腰???衫?衣裙?件套; H. 子晴高腰直筒西??女2018秋冬?版休??松百搭烟管?垂感九分?; I. 三彩2017秋冬新款套???袖?松??衫粗毛?毛衣女外穿; J. 衣品天成2018冬新款?版加??花?帽????衣女?生超火的上衣,B,B,0,0.355704698,0.986577181,0.360544218,10,5,250,45,41,False
,,,,,,,,,,,,,,,,,,,
,,,,,,,,,,,,,,,,,,,
