winner,bundle_id,true_indice,true_option_char,oracle_true_rank,rank_gap,input_str,target_str,candidate_indices,true_rank_IBxBI,ranking_IBxBI,prediction_IBxBI,true_rank_IUxUI,ranking_IUxUI,prediction_IUxUI,true_rank_BIxIB,ranking_BIxIB,prediction_BIxIB
IBxBI,8502,4946,B,1,8,1. 韩国露娜网红仿珍珠耳环 女式气质长款耳坠新款ins耳钉韩版耳饰品 [Additional context: This item is frequently included in outfits with: contourlines【贝利】牛皮木手提复古包 女链条斜挎包贝壳包新品; RLL随性简约 交叉织系带收腰显瘦中长款珠光质感风衣料连衣裙女春; 一字肩雪纺吊带连衣裙女夏装2018新款中长款气质收腰露肩背带裙子.]; 2. 夏装2018新款女ins超火性感露肩小心机连衣裙显瘦小香风裙子女夏,A. 罗家RMOJUL 2018夏装女装新 时尚西装领不规则荷叶摆条纹连衣裙SW [Additional context: This item is frequently included in outfits with: 百丽凉鞋夏新商场羊绒女一字带高跟粗跟女鞋BPFB6BL8; 芭蕾舞女孩显脸瘦的耳环女长款适合圆脸耳坠韩国气质耳钉夸张耳饰.]; B. bering白令手表女 防水品牌正品女士手表 钢带小表盘星空女表dw01 [Additional context: This item is frequently included in outfits with: Vero Moda新款蝴蝶结收腰牛仔背带A字连衣裙|318242522; 韩国露娜网红仿珍珠耳环 女式气质长款耳坠新款ins耳钉韩版耳饰品; 粗跟一字带网红凉鞋女仙女风ins潮超火2019新款中跟百搭学生时尚.]; C. BEAU秋季小白鞋女韩版真皮小皮鞋平底休闲鞋女透气舒适板鞋运动鞋 [Additional context: This item is frequently included in outfits with: 帽子女春夏休闲百搭字母刺绣鸭舌帽米色白色防晒遮阳帽户外棒球帽; S家原创女装秋季2018新款欧美中长款帅气风衣休闲外套女.]; D. 韩都衣舍2019春装新款女装韩版纯色显瘦中长款背带连衣裙CQ6855莀; E. 条纹T恤+小清新减龄背带裙连衣裙两件套女 [Additional context: This item is frequently included in outfits with: 帽子女春夏休闲百搭字母刺绣鸭舌帽米色白色防晒遮阳帽户外棒球帽; VENUCO复古斜挎包女小包迷你小圆包印花圆形包包挎包女包2019新款; 勿上热风秋款学院风女士系带圆头休闲鞋平底小白鞋H14W8105.]; F. 彼得潘大叔《夜莺的眼泪》文艺复古印花V领连衣裙女夏2018新款 [Additional context: This item is frequently included in outfits with: 韩国露娜网红仿珍珠耳环 女式气质长款耳坠新款ins耳钉韩版耳饰品; 【直营】Swarovski 施华洛世奇进口女Swan天鹅经典项链可调锁骨链.]; G. 班77时尚真丝连衣裙女夏季2019新款短袖花色a字裙显瘦中长款裙子; H. 小白鞋女蕾丝网纱透气镂空百搭韩版休闲套脚真皮街拍网面ins女鞋 [Additional context: This item is frequently included in outfits with: 帽子女春夏休闲百搭字母刺绣鸭舌帽米色白色防晒遮阳帽户外棒球帽; 宜搭polo衫女短袖2019新款潮宽松bf港风学生可爱情侣日系白色T恤.]; I. 2019春季新款百搭黑色少女小清新高跟鞋女细跟尖头红色性感单鞋子 [Additional context: This item is frequently included in outfits with: 红色修身斗篷呢子大衣加厚中长款羊毛呢外套秋冬季女装20199新款; AI 法式复古贝雷帽 羊毛含量高达90% 秋冬女画家帽毛呢南瓜帽子; 麦渔人原创设计包包2018新款宽肩带撞色女包真皮单肩包斜挎小方包.]; J. 西西里男装港风牛仔裤男九分黑色chic裤子男生韩版潮流直筒裤 [Additional context: This item is frequently included in outfits with: 邦顿手表男士机械表全自动防水潮流新概念学生钢皮带中国名牌男表; 西西里男装秋冬港风chic卫衣男连帽韩版宽松男士潮流学生上衣外套.],"[14324, 4946, 10683, 14413, 12255, 7994, 11761, 23804, 17033, 25995]",1,"[""B"", ""F"", ""A"", ""D"", ""G"", ""E"", ""H"", ""I"", ""C"", ""J""]",B,9,"[""C"", ""H"", ""I"", ""G"", ""F"", ""A"", ""D"", ""E"", ""B"", ""J""]",C,4,"[""I"", ""C"", ""H"", ""B"", ""F"", ""G"", ""A"", ""D"", ""E"", ""J""]",I
IBxBI,17881,30641,E,1,8,1. MG小象中长款加厚棉衣女2018冬季新款宽松原宿棉袄学生休闲棉服潮 [Additional context: This item is frequently included in outfits with: MG小象毛呢短裤女春季2019新款黑色高腰外穿宽松显瘦靴裤阔腿裤子; 网红贝雷帽子女秋冬天 八角帽英伦报童帽 画家帽韩版日系百搭潮人; 一力米灰过膝长靴女2018冬季新款尖头高跟粗跟长筒靴弹力显瘦瘦靴.]; 2. 2018冬季新款短筒马丁靴平底女靴网红春秋小短靴女瘦瘦靴粗跟靴子 [Additional context: This item is frequently included in outfits with: 调调家欧洲站2018秋季新款纯色净版百搭款街头PU皮裤薄绒打底裤女; pu皮质八角帽子女秋季英伦潮日系韩版秋冬时尚百搭皮帽鸭舌贝雷帽; AI 法式复古贝雷帽 羊毛含量高达90% 秋冬女画家帽毛呢南瓜帽子.],A. 韩国港味宽松高腰阔腿裤女秋季chic松紧直筒西裤长裤灰色休闲裤 [Additional context: This item is frequently included in outfits with: 热风春新款小清新小白鞋女平底原宿鞋系带时尚女休闲鞋潮H14W7110; 2019秋季新款厚款高领长袖T恤女黑色 木耳边喇叭袖打底衫套头修身; 勿上热风秋季学院风甜美女士系带休闲透气鞋圆头小白鞋H14W8501.]; B. 韩都衣舍2018新款女装春装韩版高腰型牛仔裙半身裙MR7571汩0; C. 夏莫卡白色西装裤锥形直筒裤高品质宽松显瘦阔腿裤女2019春夏K55 [Additional context: This item is frequently included in outfits with: 韩国露娜网红仿珍珠耳环 女式气质长款耳坠新款ins耳钉韩版耳饰品; 包包女包新款2019潮真皮女包斜挎包女小ck时尚百搭ins手提单肩包; 【超正版型】Common刘雯小白鞋女春季2018新款百搭韩版真皮板鞋女.]; D. 街舞运动裤女港风ins超火的嘻哈宽松怪味少女直筒休闲爵士裤子潮 [Additional context: This item is frequently included in outfits with: 天美意2018秋纺织品厚底运动街头风女休闲鞋女鞋99803CM8; 帽子女春夏休闲百搭字母刺绣鸭舌帽米色白色防晒遮阳帽户外棒球帽.]; E. AI 法式复古贝雷帽 羊毛含量高达90% 秋冬女画家帽毛呢南瓜帽子 [Additional context: This item is frequently included in outfits with: 断码清仓 left lady 新款气质女装中长款修身时尚蕾丝拼接连衣裙; 小宜定制 2018秋冬新款韩版毛绒休闲卫衣女宽松加绒连帽厚外套; yihuan韩版铆钉小皮鞋女系带ins单鞋平底黑色复古学院风chic皮鞋.]; F. 露肩荷叶边吊带连衣裙蛋糕裙长裙女巴厘岛海边沙滩度假仙女裙子夏 [Additional context: This item is frequently included in outfits with: 特细出游拉菲草帽子 女士夏韩版 大檐沙滩帽防紫外线遮阳帽可折叠; 韩国露娜网红仿珍珠耳环 女式气质长款耳坠新款ins耳钉韩版耳饰品; KissKitty夏季新款钻饰低跟粗跟一字带夹脚凉鞋女仙女鞋凉拖.]; G. 滕雨佳 小衫女2018新款春款喇叭袖雪纺衫上衣宽松衬衣仙女打底衫 [Additional context: This item is frequently included in outfits with: 女包链条包2019新款牛皮包小香风菱格包包小包单肩包2019斜挎包潮; Danielwellington 丹尼尔惠灵顿dw手表女32mm金属编织女表; 卓诗尼小皮鞋女2019春秋季新款方头平底单鞋百搭英伦鞋子女乐福鞋.]; H. MG小象中长款呢子外套女秋冬新款学生宽松2018流行收腰毛呢大衣潮 [Additional context: This item is frequently included in outfits with: 小优家包包女2019新款宽带斜挎包女包撞色小方包上新小包包单肩包; MG小象黑色打底裤女春2019新款休闲紧身裤外穿高腰显瘦小脚九分裤; AI 法式复古贝雷帽 羊毛含量高达90% 秋冬女画家帽毛呢南瓜帽子.]; I. 沈太太S925纯银耳环女气质韩国简约小五角星淡水珍珠贝壳耳坠耳钩 [Additional context: This item is frequently included in outfits with: 【南风】车缝线链条包包女2019新款夏季时尚休闲女包单肩包斜挎包; 【sheii苏茵茵】超级气质！小辣椒款蝴蝶结浅口尖头中跟单鞋女鞋; MG小象半高领打底针织衫女冬季新款小清新套头上衣修身显瘦毛衣潮.]; J. TEENLADY原创欧洲站铆钉菱格链条包2018新款五角星水桶包斜挎手提,"[1593, 11245, 5850, 25157, 30641, 6315, 1197, 17414, 15628, 18736]",1,"[""E"", ""H"", ""B"", ""A"", ""C"", ""D"", ""I"", ""J"", ""G"", ""F""]",E,9,"[""D"", ""B"", ""A"", ""C"", ""H"", ""G"", ""J"", ""I"", ""E"", ""F""]",D,4,"[""A"", ""C"", ""D"", ""E"", ""J"", ""B"", ""I"", ""G"", ""H"", ""F""]",A
IBxBI,24839,15898,G,1,7,1. 小瑞靓包菱格链条包包女2019新款软皮手提单肩小包时尚百搭斜挎包 [Additional context: This item is frequently included in outfits with: 粉色加厚中长款棉衣棉服棉袄毛领修身丝绒外套冬季女装20199新款; 钱夫人CHINSTUDIO 港味高腰格子半身裙秋冬女显瘦毛呢裙A字短裙子; 【直降80元】【118元双11限量秒杀】MG小象中长款学生呢子大衣潮.]; 2. 一力米灰2018秋冬季新款英伦圆头切尔西短筒裸靴子高粗跟马丁靴女 [Additional context: This item is frequently included in outfits with: MG小象黑色打底裤女春2019新款休闲紧身裤外穿高腰显瘦小脚九分裤; MG小象2018流行大衣女中长款宽松长袖秋冬新款学生格子毛呢外套潮; 小瑞靓包菱格链条包小香风包包女2019新款单肩斜挎时尚百搭小方包.],A. &amp;[A605071] 笑涵阁 美貌文艺气！宫廷风一字领喇叭袖针织套头衫 [Additional context: This item is frequently included in outfits with: STPY日韩白色滴油耳钉极简CHIC风复古气质百搭耳环镀真金S925手作; 粗跟单鞋女春秋2019新款女鞋百搭高跟鞋女方头皮鞋深口鞋漆皮女鞋; 【南风】复古锁扣链条包女时尚新款单肩包斜挎包2019百搭包包女包.]; B. 2018夏秋季新款真皮粗跟凉拖水钻方扣高跟鞋拖鞋一字拖中跟女鞋子 [Additional context: This item is frequently included in outfits with: 函夏 牛皮手工复古中国风小圆包女斜挎 圆形简约流苏真皮百搭女包; 韩国露娜网红仿珍珠耳环 女式气质长款耳坠新款ins耳钉韩版耳饰品; 白色短裤女2019夏季新款坠感阔腿裤 直筒韩版高腰休闲短裤chic裤.]; C. A7seven 复古条纹宽松中长款开叉七分袖T恤女2018春夏韩版连衣裙 [Additional context: This item is frequently included in outfits with: 倪酱小铺 日系文艺单肩购物袋帆布包女 韩版INS中包帆布袋布袋包; 热风春新款小清新小白鞋女平底原宿鞋系带时尚女休闲鞋潮H14W7110.]; D. ［清仓不退不换］12月12号0点上 99元福利 平底穆勒鞋 [Additional context: This item is frequently included in outfits with: 特细出游拉菲草帽子 女士夏韩版 大檐沙滩帽防紫外线遮阳帽可折叠; 朱尔手提包女2018新款秋冬款真皮女包包时尚百搭大容量单肩斜挎包.]; E. 素兮银饰淡水珍珠耳环纯银耳坠女长款气质韩国简约个性百搭耳饰品 [Additional context: This item is frequently included in outfits with: 韩版可折叠手工大沿草帽女夏天百搭小清新海边沙滩夏防晒遮阳帽子; 热风春新款小清新小白鞋女平底原宿鞋系带时尚女休闲鞋潮H14W7110; 菠萝字母印花翻领系带收腰衬衫裙连衣裙子.]; F. Artmi阿特密包包女2018新款链条斜挎小包休闲韩版简约单肩包 [Additional context: This item is frequently included in outfits with: Danielwellington 丹尼尔惠灵顿DW手表女28mm简约时尚女表; 蝴蝶结仿珍珠耳线耳环女长款吊坠气质韩国简约个性小清新耳坠耳钉.]; G. AI 2019时装周黑马海军帽报童帽 帽子女秋冬欧美贝雷帽百搭鸭舌帽 [Additional context: This item is frequently included in outfits with: 小瑞靓包菱格链条包包女2019新款软皮手提单肩小包时尚百搭斜挎包; 欧美2018新款秋冬超高跟粗跟弹力瘦瘦靴尖头过膝长靴瘦腿长筒女靴; FFAN泛泛 V领法式长袖针织连衣裙女修身秋冬装2018新款打底长裙子.]; H. 库客JM EQT ADV 纯黑白粉武士 男女休闲 跑步鞋 BA7719 BB0543 FY; I. 钱夫人CHINSTUDIO 高腰百褶裙复古格子半身裙女秋冬显瘦A字短裙子 [Additional context: This item is frequently included in outfits with: 小优家包包女2019新款宽带斜挎包女包撞色小方包上新小包包单肩包; 毛线帽子女潮韩国百搭保暖日系堆堆针织帽秋冬韩版男纯色套头冷帽; 【sheii苏茵茵】超级回馈！新款SW方头方跟弹力短靴女袜子靴.]; J. 2018春秋新款粉色棒球服撞色印花夹克外套女短款宽松bf风帅气女装 [Additional context: This item is frequently included in outfits with: ins小白鞋女春季百搭基础皮面学生鞋子平底单鞋真皮板鞋女鞋休闲; 短袖白色t恤女拉夏贝尔夏装新款刺绣宽松中长款学生小心机bf上衣.],"[14130, 22303, 25962, 648, 11274, 24729, 15898, 25486, 25453, 15704]",1,"[""G"", ""I"", ""A"", ""F"", ""J"", ""E"", ""C"", ""D"", ""B"", ""H""]",G,8,"[""E"", ""I"", ""J"", ""A"", ""D"", ""F"", ""B"", ""G"", ""C"", ""H""]",E,5,"[""A"", ""I"", ""J"", ""E"", ""G"", ""C"", ""D"", ""F"", ""B"", ""H""]",A
IBxBI,27788,24780,H,1,7,1. chic港风包包女2019新款斜挎包单肩小包网红小黑包复古小方包链条 [Additional context: This item is frequently included in outfits with: 【清仓】靴子女2018冬季加绒粗跟女靴高跟瘦瘦短靴针织袜靴弹力靴; 雪地靴女士短筒两穿2018冬季新款真皮棉靴子厚底防滑短靴保暖加绒; AI 法式复古贝雷帽 羊毛含量高达90% 秋冬女画家帽毛呢南瓜帽子.]; 2. AI 法式复古贝雷帽 羊毛含量高达90% 秋冬女画家帽毛呢南瓜帽子 [Additional context: This item is frequently included in outfits with: 断码清仓 left lady 新款气质女装中长款修身时尚蕾丝拼接连衣裙; 小宜定制 2018秋冬新款韩版毛绒休闲卫衣女宽松加绒连帽厚外套; yihuan韩版铆钉小皮鞋女系带ins单鞋平底黑色复古学院风chic皮鞋.],A. SXF圣希梵2018夏季男士T恤 个性红色潮流印花 修身半袖上衣短袖男 [Additional context: This item is frequently included in outfits with: 邦顿手表男士机械表全自动防水潮流新概念学生钢皮带中国名牌男表; SXF圣希梵男鞋 运动鞋 春夏新款小白鞋透气网鞋跑步鞋男士休闲鞋; SXF圣希梵牛仔裤男 秋季小脚长裤子修身水洗复古束脚潮男士九分裤.]; B. 2017秋冬新款 定制纱线别致版型设计短款针织开衫 安娜家 [Additional context: This item is frequently included in outfits with: 巴掌家欧洲站重工烫钻高腰牛仔裤女春装2019新款时尚百搭浅色裤子; 美嘟嘟定制小众设计简约梯形手提包包女2019新款潮撞色单肩斜挎包; MASOOMAKE街拍皮面小白鞋女秋季2018新款 百搭韩版平底系带板鞋女.]; C. 包包女2018新款真皮女包单肩韩版百搭斜挎时尚水桶包手提包大包潮 [Additional context: This item is frequently included in outfits with: s秀名媛气质2019新品职业OL无袖中长款蕾丝网纱拼接马甲连衣裙潮; 韩国露娜网红仿珍珠耳环 女式气质长款耳坠新款ins耳钉韩版耳饰品; 【仓库清空计划】【双十一特惠款】【零点秒杀】宿本连体裤.]; D. 姬龙雪GL法国女包新款小方包真皮简约手提包时尚单肩人气斜挎包 [Additional context: This item is frequently included in outfits with: 劳士顿正品女士手表女表钨钢防水石英表潮流时尚款2019新款双日历; Aerosoles/爱柔仕17夏季新品时尚交叉绑带方跟女鞋凉鞋罗马鞋; 韩国露娜网红仿珍珠耳环 女式气质长款耳坠新款ins耳钉韩版耳饰品.]; E. 韩都衣舍2019春装新款女装韩版系带短款印花字母连衣裙DU8149樱 [Additional context: This item is frequently included in outfits with: 山水集包包女2019新款斜挎时尚简约大容量学生真皮单肩水桶包ins; Danielwellington 丹尼尔惠灵顿dw手表女32mm金属编织女表.]; F. 明星同款包包女2018新款潮韩版百搭斜挎迷你单肩包时尚链条小猪包 [Additional context: This item is frequently included in outfits with: 热风新款小清新高跟鞋女士尖头皮鞋浅口细跟单鞋H04W8501; 韩国露娜网红仿珍珠耳环 女式气质长款耳坠新款ins耳钉韩版耳饰品; 欧惑设计秋冬款 反季清仓.]; G. 耳环女2019新款潮韩国个性气质耳饰高级感大气欧美夸张网红耳钉 [Additional context: This item is frequently included in outfits with: K家高腰阔腿裤女长裤2019夏新款宽松显瘦直筒薄款黄色休闲拖地裤; Danielwellington 丹尼尔惠灵顿dw手表女32mm金属编织女表; ins小白鞋女春季百搭基础皮面学生鞋子平底单鞋真皮板鞋女鞋休闲.]; H. 2018韩版新款粗跟短靴女鞋百搭冬季靴子网红鞋子马丁靴瘦瘦靴女靴 [Additional context: This item is frequently included in outfits with: 【5折折扣】修身显瘦牛仔裤女直筒长裤灰色高腰薄绒小脚九分裤; 2018秋新款韩版高腰蕾丝拼接黑色外穿打底裤女弹力紧身百搭小脚裤; 毛线帽子女潮韩国百搭保暖日系堆堆针织帽秋冬韩版男纯色套头冷帽.]; I. 2019新款韩版简约拼色水桶包真皮托特包斜挎包大包撞色单肩女包 [Additional context: This item is frequently included in outfits with: 2018夏季新款韩版冰丝运动休闲裤女宽松长裤学生哈伦裤软妹九分裤; 热风春新款小清新小白鞋女平底原宿鞋系带时尚女休闲鞋潮H14W7110.]; J. 红色欧货双面羊绒阿尔巴卡赫本大衣女短款结婚小个子毛呢外套女冬,"[16841, 11521, 477, 3205, 15991, 23504, 3064, 24780, 18665, 26701]",1,"[""H"", ""B"", ""E"", ""F"", ""D"", ""C"", ""G"", ""I"", ""J"", ""A""]",H,8,"[""G"", ""E"", ""B"", ""F"", ""C"", ""D"", ""I"", ""H"", ""J"", ""A""]",G,3,"[""B"", ""J"", ""H"", ""E"", ""G"", ""F"", ""D"", ""C"", ""I"", ""A""]",B
IBxBI,28606,12283,F,2,7,1. 加绒冬季软妹小皮鞋女百搭韩版学生复古原宿学院风深口平底牛津鞋 [Additional context: This item is frequently included in outfits with: 忠犬小八梨形自制2018秋冬新品中长款连帽牛角扣毛呢子大衣女外套; AI 法式复古贝雷帽 羊毛含量高达90% 秋冬女画家帽毛呢南瓜帽子; 真皮包包女包2019新款时尚简约百搭牛皮豆腐小ck风琴包斜挎单肩包.]; 2. 小瑞靓包拼色菱格包包女2019新款简约百搭斜挎包单肩包小包包女包 [Additional context: This item is frequently included in outfits with: 黑色高帮帆布鞋女学生韩版复古ulzzang布鞋港味板鞋2019潮鞋春季; 网红靴子女2018新款冬季加绒高跟鞋粗跟秋款矮靴瘦瘦靴短筒小短靴; 妙侣2018秋冬款复古平跟chic短靴女平底棉鞋学生后系带弹力马丁靴.],A. MUZI定制包包女2019新款韩版百搭斜挎菱格链条包车线单肩小方包潮; B. 中高跟包头拖鞋女蝴蝶结半凉鞋2019夏季新款细跟尖头鞋小跟女凉拖; C. 耳环女气质韩国个性百搭 纯银防过敏珍珠耳钉女 大气潮人网红耳坠; D. MZMX针织包臀半身裙女秋冬百搭高腰显瘦开叉红色半裙中长款一步裙 [Additional context: This item is frequently included in outfits with: AI 法式复古贝雷帽 羊毛含量高达90% 秋冬女画家帽毛呢南瓜帽子; 乌77 韩国 复古感方领浅口套脚平底鞋金属链条亮面漆皮小黑鞋女秋; SOULKISS双排扣收腰修身职业小西装领羊毛呢外套加厚大衣短款女冬.]; E. WTWS 18SS运动休闲裤男 三条杠小脚裤男女同款 三道杠复古校裤 潮 [Additional context: This item is frequently included in outfits with: 【s o s】VANS正品低帮os情侣黑白经典款帆布男女鞋板鞋VN0D3HY28; 邦顿手表男士机械表全自动防水潮流新概念学生钢皮带中国名牌男表.]; F. 2件8折】前拉链高腰黑色打底裤女弹力外穿修身九分铅笔裤109I [Additional context: This item is frequently included in outfits with: MG小象chic棉服女冬中长款2018新款韩版时尚修身棉衣大毛领面包服; 【南风】黑色极简小方包2018新款时尚简约女包单肩包斜挎包小包包; 妙侣2018秋冬款复古平跟chic短靴女平底棉鞋学生后系带弹力马丁靴.]; G. 铆钉手拿包大容量2019春夏个性信封包时尚女式潮流手包复古单肩包 [Additional context: This item is frequently included in outfits with: Mell 马蒂斯人像 小众法式不对称耳环夹女无耳洞高级设计感简约; 2018春秋季新款小短靴瘦瘦弹力裸靴子女尖头细跟黑色真皮高跟鞋冬.]; H. 烫社交女鞋灰裸色羊猄尖头浅口单鞋舒适百搭平底鞋2018夏季新款 [Additional context: This item is frequently included in outfits with: 韩国露娜网红仿珍珠耳环 女式气质长款耳坠新款ins耳钉韩版耳饰品; 韩版复古单肩box豆腐包真皮简约新娘空姐包斜挎小方包女迷你小包; 南瓜谷 条纹连衣裙女夏无袖小清新显瘦气质中长裙2018新款 L283.]; I. LIA 白色牛仔短裤女夏2019新款口袋复古chic高腰学生宽松阔腿裤子; J. 乌77 少女心真毛领侧开叉蝴蝶结宽松韩版棉服中长款面包服冬2018,"[31180, 1872, 10868, 3316, 16943, 12283, 16981, 18503, 8011, 21286]",2,"[""D"", ""F"", ""A"", ""J"", ""I"", ""H"", ""G"", ""C"", ""B"", ""E""]",D,9,"[""D"", ""A"", ""C"", ""H"", ""I"", ""J"", ""G"", ""B"", ""F"", ""E""]",D,4,"[""D"", ""J"", ""C"", ""F"", ""A"", ""I"", ""H"", ""B"", ""G"", ""E""]",D
IUxUI,14060,17183,I,1,9,1. AI 法式复古贝雷帽 羊毛含量高达90% 秋冬女画家帽毛呢南瓜帽子 [Additional context: This item is frequently co-purchased with: 2019春秋季新款黑色铅笔裤女装网红超高腰小脚牛仔裤加厚收腹显瘦; 聚利时钢带防水女表韩版女士手表女学生简约时尚潮流休闲大气腕表; 夏季蓝白条纹衬衫男长袖韩版宽松很仙的潮流网红薄款衬衣外套ins.]; 2. aza小包包2018新款女包草编ins田园风蝴蝶结藤编包篮子手提斜挎包 [Additional context: This item is frequently co-purchased with: XIAOYOUBAG 鳄鱼纹小方包女2019新款时尚手提包百搭单肩斜挎包潮; 云思木想原创设计师女装2019春夏新款仕女印花中长款吊带连衣裙32; 可然 昙香/碎花棉麻连衣裙文艺宽松中长款裙子新款春装2019款女装.],A. 皮裙女短裙秋冬2018新款女装韩版时尚高腰口袋ins超火的半身裙潮 [Additional context: This item is frequently co-purchased with: 豹纹加绒两面穿仿羊羔毛外套女宽松加厚夹克大衣短款冬季2018新款.]; B. 女装秋装2018新款时尚潮 宽松复古花朵慵懒风套头高领毛衣女秋冬 [Additional context: This item is frequently co-purchased with: Meow Ji 喵吉 复古V领长袖渡假裙红裙中长款收腰红色连衣裙女春夏; izp 复古双排扣牛仔风衣女春秋长款过膝2019流行系带收腰翻领外套.]; C. roberta诺贝达女鞋2018春季新款水钻方扣装饰单鞋女RS87219; D. 2018新款ins马丁靴女短筒韩版百搭软底文艺短靴女学生平底棉鞋冬; E. TATA/他她夏季羊皮简约一字带高跟女凉鞋WU202BL6; F. 韩国气质红色雪花耳环不对称长款流苏珍珠吊坠纯银耳钉耳坠耳饰品 [Additional context: This item is frequently co-purchased with: 耳环女2019新款潮气质显脸瘦流苏耳坠长款耳钉韩国高级感网红耳线; 925纯银少女超仙长款耳线韩版气质百搭耳环耳链耳坠时尚简约性感; 中长款修身绿色大摆七分袖连衣裙欧美大牌2019春夏季新款气质女装.]; G. MG小象中长款连衣裙女半高领套头打底毛衣冬季新款学生复古吊带裙 [Additional context: This item is frequently co-purchased with: 上新小包包2019新款信封手包手抓包韩版个性时尚百搭气质手拿包女; 凯莉包迷你洋气质感包包女2019新款高级感手提斜挎小包女手拎女包; 小优家包包女2019新款休闲斜挎小包手提包小方包单肩包斜挎包女包.]; H. 秋装2018新款女韩版显瘦小脚裤紧身铅笔长裤子单排扣高腰牛仔裤潮; I. YOMU有目 原宿s925银进口古董娃娃蕾丝花朵珍珠耳环女艺术手作 [Additional context: This item is frequently co-purchased with: 短靴女2019新款韩版冬季平底马丁靴女加绒英伦风厚底切尔西单靴女; 马丁靴女2018新款网红瘦瘦靴切尔西短靴平底百搭韩版棉鞋女冬加绒; 法式复古裙过膝春装2019款女装碎花雪纺长裙长款衬衫很仙的连衣裙.]; J. 网纱半身裙秋冬女2019春季新款中长半裙高腰a字裙仙女裙百褶裙子 [Additional context: This item is frequently co-purchased with: 2019新款亚麻半身裙中长款a字裙秋纯色a型文艺百褶裙棉麻百搭显瘦; 坠感阔腿裤直筒高腰宽松复古灯芯绒2019春新款松紧腰垂感条绒裤女; 2019春季新款镂空很仙的洋气蕾丝心机衬衫上衣女chic小众设计感.],"[10199, 17691, 16545, 29039, 27129, 21906, 27382, 20403, 17183, 11570]",10,"[""A"", ""D"", ""G"", ""B"", ""H"", ""C"", ""F"", ""J"", ""E"", ""I""]",A,1,"[""I"", ""G"", ""B"", ""J"", ""A"", ""H"", ""F"", ""D"", ""C"", ""E""]",I,8,"[""B"", ""G"", ""J"", ""A"", ""H"", ""D"", ""F"", ""I"", ""C"", ""E""]",B
IUxUI,1700,7254,G,1,8,1. 一字带中空单鞋女粗跟凉鞋2019春夏新款百搭显瘦仙女高跟鞋休闲鞋 [Additional context: This item is frequently co-purchased with: 英伦粗跟小短靴女2018秋冬季新款瘦瘦靴中跟平底马丁靴子加绒女鞋; 法式法国复古山本气质桔梗2019早春女春秋赫本裙子过膝红色连衣裙; 2019春款网红单鞋女中跟伴娘鞋尖头小码高跟鞋女31 32 33新款婚鞋.]; 2. 芭蕾舞女孩显脸瘦的耳环女长款适合圆脸耳坠韩国气质耳钉夸张耳饰 [Additional context: This item is frequently co-purchased with: ccvv女鞋板鞋2019春季新款真皮百搭学生厚底运动休闲老爹小白鞋女; 小瑞靓包小香风菱格链条小方包包女包新款2019时尚百搭单肩斜挎包; 瘦竹竿自制碎花连衣裙女秋冬季红色打底春秋女装2019新款雪纺裙子.],A. 于momo2018秋装新款chic韩风裤子黑色牛仔裤修身百搭铅笔裤小脚裤 [Additional context: This item is frequently co-purchased with: 于momo2018夏装新款慵懒风裙子夏小个子波点裙长袖收腰雪纺连衣裙; 2019春季新款韩版真皮平底奶奶鞋女浅口百搭软底工作鞋尖头单鞋潮; 2019早春白色长袖t恤女潮宽松韩版百搭圆领民族风假两件丝巾体恤.]; B. 粗跟毛毛拖鞋女2018秋季新款兔毛包头中跟蝴蝶结尖头绒面ins半拖; C. 瞌睡兔定制粉色格子百褶裙子a字短款高腰半身裙夏女2019新款 [Additional context: This item is frequently co-purchased with: 周大力2019春季网红高帮草莓板鞋女鞋学生韩版百搭2018新款帆布鞋; 南瓜谷双面呢大衣女新款2018中长款全羊毛小个子毛呢外套女MN100; ALN林同学 高腰雪纺碎花半身裙夏女2019新款中长款chic鱼尾裙子.]; D. 秋冬季连衣裙女2017新款韩版时尚冬天加厚中长款毛衣过膝针织裙子 [Additional context: This item is frequently co-purchased with: 衣舒阁正式场合职业连衣裙2019新款夏季中长款通勤气质名媛裙子女; 衣舒阁欧洲站雪纺连衣裙2019新款夏季中长款欧货气质V领裙子女装.]; E. 艾特逆光女装2018新款bf百搭纯色logo卫衣女学生宽松韩版ulzzang [Additional context: This item is frequently co-purchased with: 然而和风原创秋季新款 油画少女裙中长款连衣裙纯棉宽松大下摆; 安妮森林 复古方领荷叶边粉色中长款衬衫灯芯绒长袖鱼尾摆连衣裙; HAVERICE饭馆 网纱蛋糕裙 黑色高腰格子半身裙女春2019新款中长款.]; F. 夏装2019新款女雪纺连衣裙时尚中长款荷叶袖小清新条纹印花裙子仙; G. Mexican/稻草人女包手提包包女2019新款时尚百搭女式单肩斜挎包潮 [Additional context: This item is frequently co-purchased with: 小ck新加坡限定包包女2018新款潮真皮女包时尚潮2019限量包斜挎包; 小优家包包 马鞍包菱格迷你小包包女包新款2019斜挎包百搭链条包; 风衣女中长款2019春新款木香屋韩版端庄大气宽松百搭chic流行外套.]; H. MIUCO刺绣花亮片蕾丝边短袖荷叶边A字裙连衣裙k [Additional context: This item is frequently co-purchased with: MIUCO绿色竖条纹无袖卡通狗娃娃裙A字型连衣裙k; MIUCO欧洲站猫咪喇叭袖荷叶边宽松A字裙连衣裙k; 果核宇宙 19SS 宫廷中领木耳边贝壳色喇叭袖少女衬衫.]; I. SC2019春夏季新款黄色短袖衬衫连衣裙女法式小众气质浪漫中长裙子 [Additional context: This item is frequently co-purchased with: 梅子熟了 清新中长款粉色风衣小个子2019流行外套女春装新款学生; 然而和风原创秋季新款 油画少女裙中长款连衣裙纯棉宽松大下摆; 小优家包包水桶包女2019新款休闲斜挎小包包质感单肩包女包手拎包.]; J. 花栗鼠小姐 波西米亚连衣裙女夏2019新款中裙压褶温柔风吊带裙 [Additional context: This item is frequently co-purchased with: 格子小西装女2019春秋装新款韩版修身复古格纹休闲外套短款小西服; 彩虹色修身圆领半袖横条纹t恤针织短袖上衣女夏2019新款韩版体恤; 2019春季新款韩版真皮浅口单鞋百搭方头女鞋两穿一脚蹬平底奶奶鞋.],"[26774, 27236, 29292, 2536, 1586, 29469, 7254, 20718, 2088, 21513]",2,"[""F"", ""G"", ""I"", ""H"", ""J"", ""D"", ""C"", ""B"", ""E"", ""A""]",F,1,"[""G"", ""I"", ""J"", ""C"", ""H"", ""F"", ""D"", ""E"", ""A"", ""B""]",G,9,"[""F"", ""I"", ""H"", ""J"", ""D"", ""C"", ""A"", ""E"", ""G"", ""B""]",F
IUxUI,16090,8394,H,1,7,1. 施华洛世奇GIRLFRIEND手链女款 时尚简约可调手镯首饰配饰; 2. 热风春新款小清新小白鞋女平底原宿鞋系带时尚女休闲鞋潮H14W7110 [Additional context: This item is frequently co-purchased with: 九月陌墨 2019春季新款女装气质收腰风衣外套女 韩版休闲宽松上衣; 仿羊羔绒皮毛一体外套女2018新款冬季新年撞色翻领毛茸茸短款外套; 阔腿裤女秋冬新款卷边加厚针织宽松高腰坠感直筒休闲九分裤子#.],A. 金美希2018冬季渐变色牛仔长裤女个性显瘦小脚裤修身九分裤83098 [Additional context: This item is frequently co-purchased with: 包臀打底小礼服裙2019春秋装新款修身显瘦黑色内搭紧身连衣裙韩版; 从一 气质修身赫本风连衣裙复古白色连衣裙吊带裙女夏超仙中长款; 亮闪闪星星金丝绒连衣裙女秋冬2019春装新款A字V领打底吊带仙女裙.]; B. 百戏局 |【哪吒系列】原创设计长裤织带拼接打底休闲复古紧身裤女; C. FENDAS 小香风修身显瘦包臀长袖针织裙高腰连衣裙2019女秋装新款 [Additional context: This item is frequently co-purchased with: 南极人加绒打底裤女小黑裤春秋2019新款黑色小脚薄款高腰显瘦外穿; 白色很仙的上衣衬衫2019春秋季新款收腰薄款连体裤女宽松洋气套装; 原宿风衬衫连衣裙春装女2019新款女装格子潮复古衬衣中长裙子女夏.]; D. 回力帆布鞋女鞋厚底小白鞋春季女2017新款韩版夏季学生鞋秋季板鞋; E. 欧美复古个性网红超仙耳饰女长款气质简约几何长方形钻球耳坠耳环 [Additional context: This item is frequently co-purchased with: 2019新款百搭帆布鞋女饼干鞋潮鞋学生韩版ulzzang小脏橘港风板鞋; 法式法国复古山本气质桔梗2019早春女春秋赫本裙子过膝红色连衣裙; 19春季新款中跟高跟鞋女网红鞋尖头性感单鞋女细跟中空亮片宴会鞋.]; F. 夏季女装短袖蹦迪嘻哈上衣女生酷酷的衣服闺蜜装原宿bf风网纱t恤 [Additional context: This item is frequently co-purchased with: jm快乐玛丽时尚小黑鞋平底帆布鞋女鞋系带休闲潮舒适板鞋子93073W; 925银针会动的星星耳环多层闪钻金属圆圈耳钉韩国气质耳坠耳饰品; 夏季夏天链条小包包女包2019上新款潮韩版百搭学生单肩斜挎包时尚.]; G. 衣服2018新款chic上衣女春 韩版宽松百搭bf原宿风白色ins同款t恤; H. 晚安系列温柔少女星星月亮耳钉软妹日常百搭微镶锆石耳环耳饰R877 [Additional context: This item is frequently co-purchased with: 2019春装新款很仙的法国小众连衣裙女打底裙宽松娃娃裙chic裙子; Mell 马蒂斯人像 小众法式不对称耳环夹女无耳洞高级设计感简约; 夏天气质耳环女长款高级感小众耳饰2019新款潮法式清新百搭耳钉.]; I. 2018夏季新款ronron自制雪纺衫 超仙无袖漏锁骨显瘦洋气气质上衣T [Additional context: This item is frequently co-purchased with: SINCE THEN复古刺绣泡泡袖方领裹胸高腰收腰度假连衣裙沙滩裙微光; 2019新款春装文艺风复古仙女裙chic温柔娃娃领雪纺碎花连衣裙长裙; MALI/温柔风吊带裙女夏装2018新款chicV领无袖百褶连衣裙中长款.]; J. 春装女装2019新款雪纺修身长裙气质收腰裙子长袖中长款粉色连衣裙 [Additional context: This item is frequently co-purchased with: 拉菲草帽可折叠遮阳帽子女夏天防晒渔夫帽海边大檐沙滩度假太阳帽; 烫社交女鞋2019春季新款红色真丝蝴蝶结尖头高跟鞋绸缎宴会礼服; 赫本风大檐拉菲草帽子女夏天沙滩度假海边太阳帽小清新防晒遮阳帽.],"[27939, 10491, 21225, 3068, 3241, 5936, 21514, 8394, 5593, 25892]",2,"[""E"", ""H"", ""J"", ""I"", ""G"", ""F"", ""A"", ""B"", ""C"", ""D""]",E,1,"[""H"", ""E"", ""F"", ""G"", ""B"", ""A"", ""C"", ""I"", ""J"", ""D""]",H,8,"[""G"", ""F"", ""I"", ""J"", ""C"", ""B"", ""A"", ""H"", ""E"", ""D""]",G
IUxUI,19265,27017,E,1,7,1. 芭蕾舞女孩显脸瘦的耳环女长款适合圆脸耳坠韩国气质耳钉夸张耳饰 [Additional context: This item is frequently co-purchased with: ccvv女鞋板鞋2019春季新款真皮百搭学生厚底运动休闲老爹小白鞋女; 小瑞靓包小香风菱格链条小方包包女包新款2019时尚百搭单肩斜挎包; 瘦竹竿自制碎花连衣裙女秋冬季红色打底春秋女装2019新款雪纺裙子.]; 2. 亦谷2018春秋装新款宽松纯色灯笼袖针织衫中长款开衫女L182 [Additional context: This item is frequently co-purchased with: 红谷牛皮女包迷你小包包菱格链条包小香风斜挎包女百搭斜跨单肩包; 亦谷2019春装新款中长款印花长袖裙子过膝碎花雪纺连衣裙黑色女; KUBERAS法式初恋百褶裙 春夏季复古飘带很仙的长袖连衣裙女小清新.],A. 妖精的口袋碎花连衣裙春2019新款雪纺v领温柔裙收腰心机长裙子女 [Additional context: This item is frequently co-purchased with: HAVERICE饭馆 休闲chic灰色小西装外套宽松 韩版黑色西服女春秋; chic大包包女2018秋季新款潮手提单肩包韩版百搭斜挎包菱格链条包; 大喜自制2019春装新款复古纯色西装领风衣女短款显瘦系带工装外套.]; B. 娃娃领连衣裙2018夏季新款女装蓝色小清新宽松显瘦荷叶边直筒裙子 [Additional context: This item is frequently co-purchased with: 九月陌墨 2019秋季新款女装刺绣拼接连衣裙 中长款翻领显瘦长; 小皮鞋女2019春款新款女鞋英伦风韩版百搭温柔仙女风平底春秋单鞋; 九月陌墨 2019夏季新款女装拼接系带牛仔连衣裙 中长款休闲宽松裙.]; C. 大沿渔夫帽女柔软可折叠遮阳帽休闲旅行太阳帽纯色百搭凉帽春夏季 [Additional context: This item is frequently co-purchased with: 小ck女包2019新款时尚夏季小包包女斜挎包真皮水桶包百搭单肩包潮; 日系文艺纯色渔夫帽韩国休闲百搭遮阳帽子女春夏款出游可折叠盆帽; 韩版黑色大檐草编遮阳帽折叠草帽子女潮女士沙滩防晒帽度假夏百搭.]; D. MICOCAH 包包 女包 新款2019 法国小众时尚单肩斜挎百搭小方包ins [Additional context: This item is frequently co-purchased with: 韩都衣舍2019夏装新款女装冷淡风裙子学生气质中长款连衣裙DU8301; 微笑向暖复古系带手钩花毛针织开衫女中长款针织外套2019春装新款; 【南风】宽带水桶包女2019新款百搭包包简约女包单肩包斜挎包大包.]; E. 亦谷2019春装新款中长款印花长袖裙子过膝碎花雪纺连衣裙黑色女 [Additional context: This item is frequently co-purchased with: 梅子熟了长袖雪纺连衣裙法国复古裙山本裙过膝仙女裙2019春秋新款; 梅子熟了 小清新长袖蕾丝连衣裙 法式复古裙超仙女裙2019春装新款; 名媛气质2019春秋新款时尚波西米亚度假收腰印花长袖连衣裙长裙潮.]; F. GENANX闪电潮牌连帽短袖男创意背面印花织带男t恤潮夏季新款时尚 [Additional context: This item is frequently co-purchased with: GENANX闪电潮牌 破洞紧身黑色休闲牛仔裤男青年修身弹力小脚裤潮; GENANX闪电潮牌中长款格子衬衫贴布不规则下摆男士衬衫外套男.]; G. 花花公子时尚外穿夏季沙滩室外凉拖夹脚防滑夏天人字拖男士拖鞋男 [Additional context: This item is frequently co-purchased with: 花花公子男鞋夏季男士透气网面网鞋男休闲运动跑步鞋男旅游鞋子男; 2019春季新款羊皮圆头平底单鞋女鞋子 珍珠玛丽珍平跟低跟低帮鞋; 【南风】车缝线链条包包女2019新款夏季时尚休闲女包单肩包斜挎包.]; H. Artmi空下架女包包2017新款个性可爱链条包印花单肩包斜挎包方包; I. 黑色马衔扣乐福鞋女真皮2019春新款复古圆头平底单鞋英伦风小皮鞋 [Additional context: This item is frequently co-purchased with: MZOMXO风衣女中长款2019春装新款双排扣系带气质温柔质感红色外套; 原创925纯银花朵耳环女气质长款流苏耳坠 波西米亚文艺耳饰 超仙; aza刺绣小包包2019新款女包百搭斜挎包女盒子单肩包时尚链条包潮.]; J. Gillivo嘉里奥新款夏季真皮女包个性圆形手拿包手拎迷你小包包潮 [Additional context: This item is frequently co-purchased with: 与格2018新款冬季ins厚底马丁靴绑带英伦风复古骑士靴短靴女; 小虫纯棉短袖白色t恤女情侣2019新款夏装圆V领上衣黑色打底衫内搭; HFresh 爱心菱格链条女包2019新款 时尚单肩斜挎小香风包包女.],"[3507, 6002, 5980, 22102, 27017, 2987, 11931, 23368, 29423, 24833]",2,"[""B"", ""E"", ""A"", ""I"", ""D"", ""H"", ""C"", ""J"", ""F"", ""G""]",B,1,"[""E"", ""A"", ""D"", ""I"", ""B"", ""J"", ""C"", ""H"", ""F"", ""G""]",E,8,"[""D"", ""H"", ""J"", ""I"", ""C"", ""A"", ""B"", ""E"", ""F"", ""G""]",D
IUxUI,19301,25371,F,2,7,1. 黑色项链颈带 韩国个性圆圈吊坠项圈时尚百搭脖子饰品 choker颈链 [Additional context: This item is frequently co-purchased with: 碎花雪纺连衣裙香影2019新款小清新荷叶边印花裙收腰夏季流行裙子; 露肩小礼服女2019春名媛修身晚会宴会气质中长款一字肩聚会连衣裙; 韩国简约18K金choker项圈女黑色锁骨链颈带酷颈圈脖链四叶草项链.]; 2. 勿上热风秋季学院风甜美女士系带休闲透气鞋圆头小白鞋H14W8501 [Additional context: This item is frequently co-purchased with: 勿上热风秋款系带女士休闲鞋深口青年圆头平底小白鞋板鞋H14W8518; 安小落纯色竖条纹休闲裤春季新款绒舒适阔腿裤松紧腰文艺百搭长裤; 美嘟嘟定制小众设计简约梯形手提包包女2019新款潮撞色单肩斜挎包.],A. roselingling 随性慵懒高领厚实灯笼落肩袖线条感保暖针织衫毛衣; B. 雪枫 韩国木质耳环女长款仙气毛球吊坠欧美复古圈圈个性流苏耳线 [Additional context: This item is frequently co-purchased with: 韩版2019春季新款真皮浅口单鞋细跟中跟红色高跟鞋女鞋婚鞋猫跟鞋; 九月陌墨 2019秋秋新款女装植绒印花雪纺衫 休闲宽松长袖气质; 春装2019款女两件套星星亮片网纱半身裙中长款很仙的裙子夏长裙纱.]; C. 素木中腰破洞牛仔裤女秋季2018新款新款毛边港风显瘦女裤JY3280 [Additional context: This item is frequently co-purchased with: 【微瑕不退换】素木大码松紧腰牛仔裤女小脚裤韩版九分裤KK3086; 【微瑕不退换】素木印花圆领加绒卫衣文艺复古碎花打底衫LS3014; 九月陌墨 2018秋冬新款女装中长刺绣针织开衫女 韩版宽松毛衣外套.]; D. LOSEA 圆环锁扣小方包女2018新款单肩包上新链条包女斜挎小包包女 [Additional context: This item is frequently co-purchased with: 小ck新加坡限定包包女2018新款潮真皮女包时尚潮2019限量包斜挎包; 正品雷诺女士手表玫瑰金时尚大气防水日历全自动机械腕表时装女表; 正品金仕盾女士手表女机械表时尚潮2019新款简约钨钢防水气质女表.]; E. MG小象高腰直筒裤女秋冬2018新款时尚休闲裤宽松学生ulzzang裤子 [Additional context: This item is frequently co-purchased with: MG小象时尚条纹休闲裤女秋冬新款宽松高腰直筒裤开叉chic九分裤子; 【买四免一】ALUONLINESHIOP 柠檬黄蕾丝拼接夏民族风吊带连衣裙; STPY设计感珍珠组合套环耳坠日韩百搭气质简约名媛镀真金纯银耳环.]; F. Danielwellington丹尼尔惠灵顿 dw女表32mm黑色金属女表 [Additional context: This item is frequently co-purchased with: Danielwellington丹尼尔惠灵顿 dw女手表28mm皮革表带女表; Danielwellington 丹尼尔惠灵顿DW女士32mm表带dw手镯套装; 港风质感小包女2019新款潮韩版百搭复古斜挎包chic链条网红小黑包.]; G. LIN CHAO ZHANG 俏皮蝴蝶领口重工压褶拼接亮饰长袖丝绒裙连衣裙 [Additional context: This item is frequently co-purchased with: 豹纹加绒两面穿仿羊羔毛外套女宽松加厚夹克大衣短款冬季2018新款; SUNYUER STUDIO 欧洲站碎花雪纺衬衫女长袖2019春装新款衬衣; 巴掌家欧洲站重工宽松套头圆领卫衣女装短款春装加厚上衣2019新款.]; H. 青蔷薇春秋季刺绣短款长袖女上衣学生宽松加绒连帽套头白色卫衣女; I. 专柜正品小表盘女士小清新手表文艺复古学生软妹石英欧式时装女表 [Additional context: This item is frequently co-purchased with: 手表女学生百搭复古简约防水森女系潮ins风原宿法国小众轻奢女表; 手表女简约大气女士手表女款时尚防水正品女表钢带新款满天星空表; 迪士尼正品女士手表女学生石英防水时尚韩版简约潮流ins风情侣表.]; J. 冬凤凰新款高领羊绒衫女套头毛衣加厚时尚宽松打底针织衫大码慵懒,"[42, 18120, 19680, 28289, 9212, 25371, 14768, 5136, 25520, 25373]",9,"[""I"", ""B"", ""H"", ""D"", ""E"", ""C"", ""A"", ""J"", ""F"", ""G""]",I,2,"[""D"", ""F"", ""I"", ""B"", ""E"", ""C"", ""H"", ""A"", ""J"", ""G""]",D,8,"[""H"", ""C"", ""E"", ""A"", ""J"", ""D"", ""B"", ""F"", ""I"", ""G""]",H
BIxIB,23312,27238,C,1,9,1. 【南风】复古流浪包包女2019新款时尚百搭简约女包单肩斜挎链条包; 2. 妙侣2018秋冬款复古平跟chic短靴女平底棉鞋学生后系带弹力马丁靴,A. 韩国做旧星星小脏鞋女真皮板鞋2018秋冬新款羊羔毛复古休闲小白鞋; B. 美汇舍欧洲站2018春夏新款刺绣亮片哈伦破洞宽松显瘦牛仔短裤女F; C. 稀有概率气质雾都蓝重工廓形风衣女长款过膝不对称设计感两穿外套; D. ara德国鹦鹉舒适一脚蹬牛皮女鞋低跟套脚乐福鞋皮鞋女 F1/2楦; E. 热风冬新款时尚女士休闲靴百搭简约圆头套筒短靴H84W7401; F. 欧洲站女鞋2018夏季新款真皮尖头凉拖鞋欧货时尚外穿高跟半拖鞋潮; G. za草编包 ins泫雅夏天斜跨编织女包网红同款水桶包迷你小草包沙滩; H. 【顺丰包邮】特价清仓不退换/毛毛领加绒厚外套女休闲宽松大风衣; I. 霓霓家 秋冬新款竖条纹针织阔腿裤女 松紧腰宽松休闲裤长裤子女; J. 高腰锥形裤女长裤2018秋冬新款韩版宽松加厚松紧腰收脚烟管裤,"[9229, 3670, 27238, 30656, 17868, 2304, 15888, 13704, 238, 23020]",4,"[""J"", ""I"", ""H"", ""C"", ""E"", ""A"", ""F"", ""G"", ""B"", ""D""]",J,10,"[""E"", ""H"", ""I"", ""J"", ""A"", ""D"", ""B"", ""F"", ""G"", ""C""]",E,1,"[""C"", ""H"", ""J"", ""I"", ""A"", ""D"", ""E"", ""B"", ""F"", ""G""]",C
BIxIB,11208,12800,D,1,8,1. 秋水伊人2018春秋装新款女装方领雪纺碎花系带印花小香风连衣裙子; 2. 韩国露娜网红仿珍珠耳环 女式气质长款耳坠新款ins耳钉韩版耳饰品,A. PPM2019春装新款牛仔外套女宽松短款oversize学生bf韩版百搭廓形; B. OTS2018冬季新款港味CHIC外套皮毛一体拼色机车服帅气短款外套女; C. MG小象小清新牛仔外套女宽松春季2019新款休闲短款夹克chic上衣潮; D. Steve Madden/思美登2018凉拖女鞋平底一字毛绒拖鞋外穿女SOFTEY; E. 一脚蹬毛毛鞋女冬加绒外穿2018新款百搭韩版复古仙女的鞋粗跟单鞋; F. 13良品2018新款高腰百搭中长款针织半身裙秋冬女包臀裙小个子裙子; G. 夏季潮鞋白色板鞋男韩版潮流圆头运动休闲鞋平底百搭小白鞋男鞋子; H. 花栗鼠小姐 波西米亚连衣裙女夏2019新款中裙压褶温柔风吊带裙; I. 2019夏装新款女修身显瘦短款玫红色露背连衣裙包臀chic裙子 L1874; J. AbbottVintage「玛奇朵」牛皮托特包大容量手提包单肩女包新品,"[16366, 879, 15382, 12800, 17810, 8933, 9552, 21513, 5579, 29465]",8,"[""C"", ""A"", ""H"", ""I"", ""F"", ""E"", ""B"", ""D"", ""J"", ""G""]",C,9,"[""C"", ""A"", ""F"", ""H"", ""I"", ""J"", ""B"", ""E"", ""D"", ""G""]",C,1,"[""D"", ""E"", ""J"", ""A"", ""C"", ""B"", ""F"", ""H"", ""I"", ""G""]",D
BIxIB,25705,17003,G,1,8,1. 小瑞靓包拼色菱格包包女2019新款简约百搭斜挎包单肩包小包包女包; 2. 【5折折扣】修身显瘦牛仔裤女直筒长裤灰色高腰薄绒小脚九分裤,A. 美伢Fuzzykon三条杠宽松LOGO刺绣休闲运动长袖外套女秋 百搭上衣; B. 刺绣喇叭袖松紧腰长款过膝印花连衣裙; C. 英伦风粗跟单鞋女秋季2018新款复古小皮鞋韩版百搭仙女网红女鞋; D. 【南风】信封包链条包斜跨包包女2018新款韩版百搭时尚单肩女包潮; E. 罗马运动凉鞋女夏季中跟韩版百搭学生平底简约松糕底厚底坡跟女鞋; F. 原创真皮女包简约牛皮大容量女士大包包文艺单肩包托特包2019新款; G. ins女鞋港风 超火网红单鞋2019秋季休闲运动真皮老爹鞋女松糕鞋; H. MG小象连衣裙女装夏季2018新款韩版学生衬衫裙少女心粉色仙女裙子; I. 网红同款斜挎包宽肩带sangle水桶包女2019新款真皮女包宽带单肩包; J. 春季情侣工装靴真皮马丁靴男鞋加绒棉鞋雪地靴军靴高帮鞋潮男靴子,"[11883, 10160, 3579, 9610, 24965, 1288, 17003, 19669, 30629, 24976]",9,"[""A"", ""C"", ""F"", ""D"", ""I"", ""H"", ""B"", ""E"", ""G"", ""J""]",A,5,"[""D"", ""I"", ""F"", ""C"", ""G"", ""A"", ""E"", ""B"", ""H"", ""J""]",D,1,"[""G"", ""C"", ""A"", ""B"", ""H"", ""J"", ""E"", ""F"", ""I"", ""D""]",G
BIxIB,23538,22013,B,1,8,1. 韩国露娜网红仿珍珠耳环 女式气质长款耳坠新款ins耳钉韩版耳饰品; 2. 欧货蕾丝衬衫春夏2019款女士宽松黑色蝙蝠衫中袖韩版镂空洋气小衫,A. VIGG麋鹿耳钉纯银女长款气质高级感故宫耳环法式上2019新款潮新了; B. 憨厚皇后 春季海宁真皮半身皮裙女中长款绵羊皮修身包臀裙韩版Z; C. 晚晚鞋一字扣凉鞋女粗跟chic风学生夏2019新款复古百搭韩版高跟鞋; D. Senda/森达2018夏秋新款专柜同款尖头女粗高跟凉鞋VJA30BK8; E. 限时7.5折 2019春季女新款 灯芯绒高腰显瘦百搭萝卜裤; F. A7seven 马海毛麻花套头毛衣女秋冬2019新款韩版学生长袖针织衫潮; G. bellas 破洞牛仔裤女2019春季新款百搭显瘦直筒裤韩版九分铅笔裤; H. 森宿2018秋长款棉衣连帽大口袋纯色学院东大门面包服棉服女; I. 99twins【显瘦水洗蓝】韩复古做旧修身长裤浅色金色铅笔牛仔裤女; J. 欧洲站2019春夏新款真皮单鞋厚底松糕鞋休闲系带英伦风布洛克女鞋,"[2425, 22013, 25422, 468, 29939, 26949, 17903, 2267, 2060, 27962]",9,"[""G"", ""J"", ""D"", ""A"", ""F"", ""I"", ""E"", ""H"", ""B"", ""C""]",G,5,"[""J"", ""C"", ""G"", ""I"", ""B"", ""E"", ""F"", ""A"", ""D"", ""H""]",J,1,"[""B"", ""G"", ""I"", ""E"", ""C"", ""D"", ""J"", ""F"", ""H"", ""A""]",B
BIxIB,23040,22455,E,1,7,1. 【满3件200元】sukol少女裙子两件套中长款超火学院沙滩连衣裙潮; 2. 2019新款女包韩版ins超火复古豆腐包box小方包百搭空姐单肩斜挎包,A. 金美希2018夏季新款纯色修身显瘦短款破洞短袖T恤女BNM82032; B. Marie Claire夏季镶钻凉鞋海边粗跟度假丁字丝缎水钻平底MC仙女鞋; C. VME/舞魅新款黑白经典蝴蝶结牛皮尖头侧空中跟单鞋VS5A1336; D. 2019春季新款欧美简约百搭真皮方头V口粗跟单鞋女中跟奶奶鞋白色; E. 热风春新款小清新小白鞋女平底原宿鞋系带时尚女休闲鞋潮H14W7110; F. S925银针韩国甜美气质爱心耳钉简约百搭耳环个性潮人网红耳坠女; G. 破洞牛仔裤女春秋2019新款韩版显瘦弹力紧身小脚裤高腰九分裤子潮; H. 气质名媛印花修身长裙露肩显瘦中长款连衣裙裙子女装春装2019新款; I. CHARLES＆KEITH夏季凉鞋交叉绑带流苏一字带粗跟女鞋CK1-60390311; J. 【QC】网纱拼接荷叶边大摆中长款蕾丝连衣裙k,"[8276, 7653, 31093, 276, 22455, 18828, 14035, 23788, 454, 21940]",2,"[""F"", ""E"", ""A"", ""J"", ""B"", ""H"", ""G"", ""D"", ""C"", ""I""]",F,8,"[""B"", ""I"", ""J"", ""D"", ""C"", ""F"", ""A"", ""E"", ""G"", ""H""]",B,1,"[""E"", ""F"", ""B"", ""I"", ""D"", ""C"", ""A"", ""G"", ""H"", ""J""]",E
